"회계연도","소관명","회계명","계정명","수입관명","수입항명","수입목명","금년도예산(천원)","추경정부안(천원)","추경국회확정(천원)"
"2011","감사원","일반회계",,"경상이전수입","기타경상이전수입","기타경상이전수입","20000","0","0"
"2011","감사원","일반회계",,"수입대체경비수입","잡수입","기타잡수입","339000","0","0"
"2011","감사원","일반회계",,"재산수입","관유물대여료","건물대여료","6580","0","0"
"2011","감사원","일반회계",,"재산수입","관유물대여료","토지대여료","177","0","0"
"2011","감사원","일반회계",,"재화및용역판매수입","잡수입","기타잡수입","300","0","0"
"2011","경찰청","경찰병원","손익계정","경상이전수입","기타경상이전수입","기타경상이전수입","25000","0","0"
"2011","경찰청","경찰병원","손익계정","경상이전수입","변상금및위약금","위약금","13000","0","0"
"2011","경찰청","경찰병원","손익계정","관유물매각대","고정자산매각대","기타고정자산매각대","5000","0","0"
"2011","경찰청","경찰병원","손익계정","기업특별회계영업수입","책임운영기관사업수입","책임운영기관사업수입","25734000","0","0"
"2011","경찰청","경찰병원","손익계정","재산수입","관유물대여료","건물대여료","60000","0","0"
"2011","경찰청","경찰병원","손익계정","재산수입","기타이자수입및재산수입","기타재산수입","1000","0","0"
"2011","경찰청","경찰병원","손익계정","재화및용역판매수입","잡수입","기타잡수입","315000","0","0"
"2011","경찰청","경찰병원","손익계정","전년도이월금","전년도이월금","전년도이월금","2699893","0","0"
"2011","경찰청","경찰병원","손익계정","정부내부수입및기타","전입금","일반회계전입금","34209000","0","0"
"2011","경찰청","경찰병원","자본계정","전년도이월금","전년도이월금","전년도이월금","71000","0","0"
"2011","경찰청","경찰병원","자본계정","정부내부수입및기타","기타","감가상각비전입금","1000","0","0"
"2011","경찰청","경찰병원","자본계정","정부내부수입및기타","기타","당기순이익전입금","1000","0","0"
"2011","경찰청","경찰병원","자본계정","정부내부수입및기타","전입금","일반회계전입금","1709000","0","0"
"2011","경찰청","일반회계",,"경상이전수입","가산금","가산금","11132000","0","0"
"2011","경찰청","일반회계",,"경상이전수입","기타경상이전수입","기타경상이전수입","3846000","0","0"
"2011","경찰청","일반회계",,"경상이전수입","벌금,몰수금및과태료","과태료","751215000","0","0"
"2011","경찰청","일반회계",,"경상이전수입","벌금,몰수금및과태료","벌금및과료","147509000","0","0"
"2011","경찰청","일반회계",,"경상이전수입","변상금및위약금","변상금","150000","0","0"
"2011","경찰청","일반회계",,"경상이전수입","변상금및위약금","위약금","1135000","0","0"
"2011","경찰청","일반회계",,"관유물매각대","고정자산매각대","건물매각대","603000","0","0"
"2011","경찰청","일반회계",,"관유물매각대","고정자산매각대","기계기구매각대","4385000","0","0"
"2011","경찰청","일반회계",,"관유물매각대","고정자산매각대","기타고정자산매각대","586000","0","0"
"2011","경찰청","일반회계",,"관유물매각대","토지및무형자산매각대","토지매각대","4245000","0","0"
"2011","경찰청","일반회계",,"재산수입","관유물대여료","건물대여료","350000","0","0"
"2011","경찰청","일반회계",,"재산수입","관유물대여료","기타관유물대여료","6000","0","0"
"2011","경찰청","일반회계",,"재산수입","관유물대여료","토지대여료","468000","0","0"
"2011","경찰청","일반회계",,"재산수입","기타이자수입및재산수입","기타재산수입","517000","0","0"
"2011","경찰청","일반회계",,"재화및용역판매수입","면허료및수수료","면허료및수수료","486000","0","0"
"2011","경찰청","일반회계",,"재화및용역판매수입","잡수입","기타잡수입","2104000","0","0"
"2011","고용노동부","에너지및자원사업특별회계","투자계정","경상이전수입","기타경상이전수입","기타경상이전수입","10000","0","0"
"2011","고용노동부","에너지및자원사업특별회계","투자계정","경상이전수입","기타경상이전수입","법정부담금","5000","0","0"
"2011","고용노동부","일반회계",,"경상이전수입","가산금","가산금","25000","0","0"
"2011","고용노동부","일반회계",,"경상이전수입","기타경상이전수입","기타경상이전수입","4231000","0","0"
"2011","고용노동부","일반회계",,"경상이전수입","벌금,몰수금및과태료","과태료","8742000","0","0"
"2011","고용노동부","일반회계",,"관유물매각대","고정자산매각대","기계기구매각대","10000","0","0"
"2011","고용노동부","일반회계",,"재산수입","관유물대여료","건물대여료","13000","0","0"
"2011","고용노동부","일반회계",,"재산수입","관유물대여료","토지대여료","2000","0","0"
"2011","고용노동부","일반회계",,"재산수입","기타이자수입및재산수입","기타재산수입","10000","0","0"
"2011","고용노동부","일반회계",,"재화및용역판매수입","잡수입","기타잡수입","11000","0","0"
"2011","공정거래위원회","일반회계",,"경상이전수입","가산금","가산금","48235","0","0"
"2011","공정거래위원회","일반회계",,"경상이전수입","기타경상이전수입","기타경상이전수입","346491","0","0"
"2011","공정거래위원회","일반회계",,"경상이전수입","벌금,몰수금및과태료","과태료","880000","0","0"
"2011","공정거래위원회","일반회계",,"경상이전수입","벌금,몰수금및과태료","벌금및과료","406943000","0","0"
"2011","공정거래위원회","일반회계",,"경상이전수입","변상금및위약금","위약금","2860","0","0"
"2011","공정거래위원회","일반회계",,"재산수입","기타이자수입및재산수입","기타재산수입","512","0","0"
"2011","공정거래위원회","일반회계",,"재화및용역판매수입","잡수입","기타잡수입","59","0","0"
"2011","관세청","일반회계",,"경상이전수입","가산금","가산금","5216000","0","0"
"2011","관세청","일반회계",,"경상이전수입","기타경상이전수입","기타경상이전수입","544000","0","0"
"2011","관세청","일반회계",,"경상이전수입","벌금,몰수금및과태료","과태료","5972000","0","0"
"2011","관세청","일반회계",,"경상이전수입","벌금,몰수금및과태료","몰수금및추징금","3381000","0","0"
"2011","관세청","일반회계",,"경상이전수입","벌금,몰수금및과태료","벌금및과료","2675000","0","0"
"2011","관세청","일반회계",,"경상이전수입","변상금및위약금","위약금","20000","0","0"
"2011","관세청","일반회계",,"관유물매각대","고정자산매각대","건물매각대","210000","0","0"
"2011","관세청","일반회계",,"관유물매각대","고정자산매각대","기계기구매각대","174000","0","0"
"2011","관세청","일반회계",,"수입대체경비수입","면허료및수수료","면허료및수수료","1558000","0","0"
"2011","관세청","일반회계",,"수입대체경비수입","잡수입","기타잡수입","17000","0","0"
"2011","관세청","일반회계",,"재산수입","관유물대여료","건물대여료","323000","0","0"
"2011","관세청","일반회계",,"재산수입","관유물대여료","토지대여료","261000","0","0"
"2011","관세청","일반회계",,"재산수입","기타이자수입및재산수입","기타재산수입","12000","0","0"
"2011","관세청","일반회계",,"재화및용역판매수입","면허료및수수료","면허료및수수료","1418000","0","0"
"2011","관세청","일반회계",,"재화및용역판매수입","잡수입","기타잡수입","60000","0","0"
"2011","교육과학기술부","국립과천과학관","손익계정","기업특별회계영업수입","책임운영기관사업수입","책임운영기관사업수입","3059000","0","0"
"2011","교육과학기술부","국립과천과학관","손익계정","재산수입","관유물대여료","건물대여료","999000","0","0"
"2011","교육과학기술부","국립과천과학관","손익계정","재화및용역판매수입","잡수입","기타잡수입","242000","0","0"
"2011","교육과학기술부","국립과천과학관","손익계정","전년도이월금","전년도이월금","전년도이월금","210000","0","0"
"2011","교육과학기술부","국립과천과학관","손익계정","정부내부수입및기타","전입금","일반회계전입금","17563703","0","0"
"2011","교육과학기술부","국립과천과학관","자본계정","전년도이월금","전년도이월금","전년도이월금","138000","0","0"
"2011","교육과학기술부","국립과천과학관","자본계정","정부내부수입및기타","기타","감가상각비전입금","1500000","0","0"
"2011","교육과학기술부","국립과천과학관","자본계정","정부내부수입및기타","기타","당기순이익전입금","1000","0","0"
"2011","교육과학기술부","국립과천과학관","자본계정","정부내부수입및기타","전입금","일반회계전입금","9358000","0","0"
"2011","교육과학기술부","국립중앙과학관","손익계정","기업특별회계영업수입","책임운영기관사업수입","책임운영기관사업수입","523000","0","0"
"2011","교육과학기술부","국립중앙과학관","손익계정","재산수입","관유물대여료","건물대여료","200000","0","0"
"2011","교육과학기술부","국립중앙과학관","손익계정","재화및용역판매수입","잡수입","기타잡수입","90000","0","0"
"2011","교육과학기술부","국립중앙과학관","손익계정","전년도이월금","전년도이월금","전년도이월금","2250000","0","0"
"2011","교육과학기술부","국립중앙과학관","손익계정","정부내부수입및기타","전입금","일반회계전입금","14309357","0","0"
"2011","교육과학기술부","국립중앙과학관","자본계정","관유물매각대","고정자산매각대","기타고정자산매각대","2000","0","0"
"2011","교육과학기술부","국립중앙과학관","자본계정","재화및용역판매수입","잡수입","기타잡수입","5000","0","0"
"2011","교육과학기술부","국립중앙과학관","자본계정","전년도이월금","전년도이월금","전년도이월금","1400000","0","0"
"2011","교육과학기술부","국립중앙과학관","자본계정","정부내부수입및기타","기타","감가상각비전입금","1080000","0","0"
"2011","교육과학기술부","국립중앙과학관","자본계정","정부내부수입및기타","기타","당기순이익전입금","1000","0","0"
"2011","교육과학기술부","국립중앙과학관","자본계정","정부내부수입및기타","전입금","일반회계전입금","2240000","0","0"
"2011","교육과학기술부","일반회계",,"경상이전수입","가산금","가산금","188000","0","0"
"2011","교육과학기술부","일반회계",,"경상이전수입","기타경상이전수입","기타경상이전수입","19233000","0","0"
"2011","교육과학기술부","일반회계",,"경상이전수입","벌금,몰수금및과태료","벌금및과료","70000","0","0"
"2011","교육과학기술부","일반회계",,"경상이전수입","변상금및위약금","변상금","54000","0","0"
"2011","교육과학기술부","일반회계",,"경상이전수입","변상금및위약금","위약금","354000","0","0"
"2011","교육과학기술부","일반회계",,"관유물매각대","고정자산매각대","기계기구매각대","60000","0","0"
"2011","교육과학기술부","일반회계",,"관유물매각대","고정자산매각대","기타고정자산매각대","142000","0","0"
"2011","교육과학기술부","일반회계",,"관유물매각대","토지및무형자산매각대","토지매각대","5677000","0","0"
"2011","교육과학기술부","일반회계",,"수입대체경비수입","면허료및수수료","면허료및수수료","26700000","0","0"
"2011","교육과학기술부","일반회계",,"수입대체경비수입","잡수입","기타잡수입","40121000","0","0"
"2011","교육과학기술부","일반회계",,"융자및전대차관원금회수","전대차관원금회수","기타민간전대차관원금회수","2162000","0","0"
"2011","교육과학기술부","일반회계",,"재산수입","관유물대여료","건물대여료","7005000","0","0"
"2011","교육과학기술부","일반회계",,"재산수입","관유물대여료","기타관유물대여료","92000","0","0"
"2011","교육과학기술부","일반회계",,"재산수입","관유물대여료","토지대여료","1044000","0","0"
"2011","교육과학기술부","일반회계",,"재산수입","기타이자수입및재산수입","기타재산수입","4685000","0","0"
"2011","교육과학기술부","일반회계",,"재산수입","전대차관이자수입","기타민간전대차관이자수입","187000","0","0"
"2011","교육과학기술부","일반회계",,"재화및용역판매수입","면허료및수수료","면허료및수수료","946000","0","0"
"2011","교육과학기술부","일반회계",,"재화및용역판매수입","입학금및수업료","수업료","246833000","0","0"
"2011","교육과학기술부","일반회계",,"재화및용역판매수입","입학금및수업료","입학금","16829000","0","0"
"2011","교육과학기술부","일반회계",,"재화및용역판매수입","잡수입","기타잡수입","2506000","0","0"
"2011","국가보훈처","일반회계",,"경상이전수입","기타경상이전수입","기타경상이전수입","2184000","0","0"
"2011","국가보훈처","일반회계",,"경상이전수입","벌금,몰수금및과태료","과태료","30000","0","0"
"2011","국가보훈처","일반회계",,"경상이전수입","변상금및위약금","위약금","13000","0","0"
"2011","국가보훈처","일반회계",,"관유물매각대","고정자산매각대","기타고정자산매각대","23000","0","0"
"2011","국가보훈처","일반회계",,"재산수입","관유물대여료","건물대여료","64000","0","0"
"2011","국가보훈처","일반회계",,"재산수입","기타이자수입및재산수입","기타재산수입","82000","0","0"
"2011","국가보훈처","일반회계",,"재화및용역판매수입","잡수입","기타잡수입","11000","0","0"
"2011","국가인권위원회","일반회계",,"경상이전수입","벌금,몰수금및과태료","과태료","5000","0","0"
"2011","국가인권위원회","일반회계",,"재화및용역판매수입","잡수입","기타잡수입","15000","0","0"
"2011","국가정보원","일반회계",,"재산수입","기타이자수입및재산수입","기타재산수입","1008030","0","0"
"2011","국방부","국방·군사시설이전특별회계",,"경상이전수입","가산금","가산금","140000","0","0"
"2011","국방부","국방·군사시설이전특별회계",,"경상이전수입","기타경상이전수입","기타경상이전수입","1355000","0","0"
"2011","국방부","국방·군사시설이전특별회계",,"경상이전수입","변상금및위약금","위약금","627000","0","0"
"2011","국방부","국방·군사시설이전특별회계",,"관유물매각대","고정자산매각대","건물매각대","1023000","0","0"
"2011","국방부","국방·군사시설이전특별회계",,"관유물매각대","토지및무형자산매각대","입목죽매각대","139000","0","0"
"2011","국방부","국방·군사시설이전특별회계",,"관유물매각대","토지및무형자산매각대","토지매각대","532318000","0","0"
"2011","국방부","국방·군사시설이전특별회계",,"재산수입","기타이자수입및재산수입","기타재산수입","58000","0","0"
"2011","국방부","국방·군사시설이전특별회계",,"전년도이월금","전년도이월금","전년도이월금","278793000","0","0"
"2011","국방부","국방·군사시설이전특별회계",,"정부내부수입및기타","예탁이자수입","기금예탁이자수입","8207000","0","0"
"2011","국방부","일반회계",,"경상이전수입","가산금","가산금","30000","0","0"
"2011","국방부","일반회계",,"경상이전수입","기타경상이전수입","기타경상이전수입","48288000","0","0"
"2011","국방부","일반회계",,"경상이전수입","벌금,몰수금및과태료","몰수금및추징금","116000","0","0"
"2011","국방부","일반회계",,"경상이전수입","벌금,몰수금및과태료","벌금및과료","2671000","0","0"
"2011","국방부","일반회계",,"경상이전수입","변상금및위약금","변상금","1905000","0","0"
"2011","국방부","일반회계",,"경상이전수입","변상금및위약금","위약금","9603000","0","0"
"2011","국방부","일반회계",,"재산수입","관유물대여료","건물대여료","1004000","0","0"
"2011","국방부","일반회계",,"재산수입","관유물대여료","기타관유물대여료","1135000","0","0"
"2011","국방부","일반회계",,"재산수입","관유물대여료","토지대여료","4343000","0","0"
"2011","국방부","일반회계",,"재산수입","기타이자수입및재산수입","기타재산수입","1277000","0","0"
"2011","국방부","일반회계",,"재화및용역판매수입","면허료및수수료","면허료및수수료","379000","0","0"
"2011","국방부","일반회계",,"재화및용역판매수입","병원수입","병원수입","7439000","0","0"
"2011","국방부","일반회계",,"재화및용역판매수입","잡수입","기타잡수입","14047000","0","0"
"2011","국방부","주한미군기지이전특별회계",,"경상이전수입","가산금","가산금","32000","0","0"
"2011","국방부","주한미군기지이전특별회계",,"경상이전수입","기타경상이전수입","기타경상이전수입","45000","0","0"
"2011","국방부","주한미군기지이전특별회계",,"경상이전수입","변상금및위약금","변상금","49000","0","0"
"2011","국방부","주한미군기지이전특별회계",,"관유물매각대","토지및무형자산매각대","토지매각대","221340000","0","0"
"2011","국방부","주한미군기지이전특별회계",,"재산수입","관유물대여료","토지대여료","2784000","0","0"
"2011","국방부","주한미군기지이전특별회계",,"재산수입","기타이자수입및재산수입","기타재산수입","178000","0","0"
"2011","국방부","주한미군기지이전특별회계",,"재화및용역판매수입","잡수입","기타잡수입","2110000","0","0"
"2011","국방부","주한미군기지이전특별회계",,"정부내부수입및기타","예수금","기금예수금","160362000","0","0"
"2011","국세청","일반회계",,"경상이전수입","가산금","가산금","510800000","0","0"
"2011","국세청","일반회계",,"경상이전수입","기타경상이전수입","기타경상이전수입","3529000","0","0"
"2011","국세청","일반회계",,"경상이전수입","벌금,몰수금및과태료","과태료","1957000","0","0"
"2011","국세청","일반회계",,"경상이전수입","벌금,몰수금및과태료","몰수금및추징금","1000","0","0"
"2011","국세청","일반회계",,"경상이전수입","벌금,몰수금및과태료","벌금및과료","31944000","0","0"
"2011","국세청","일반회계",,"경상이전수입","벌금,몰수금및과태료","징계부과금","21000","0","0"
"2011","국세청","일반회계",,"경상이전수입","변상금및위약금","변상금","207000","0","0"
"2011","국세청","일반회계",,"관유물매각대","토지및무형자산매각대","토지매각대","808000","0","0"
"2011","국세청","일반회계",,"수입대체경비수입","잡수입","기타잡수입","744000","0","0"
"2011","국세청","일반회계",,"재산수입","관유물대여료","건물대여료","131000","0","0"
"2011","국세청","일반회계",,"재산수입","관유물대여료","토지대여료","14000","0","0"
"2011","국세청","일반회계",,"재화및용역판매수입","잡수입","기타잡수입","212000","0","0"
"2011","국토해양부","광역지역발전특별회계","광역발전계정","경상이전수입","기타경상이전수입","법정부담금","215594000","0","0"
"2011","국토해양부","광역지역발전특별회계","광역발전계정","관유물매각대","토지및무형자산매각대","토지매각대","6500000","0","0"
"2011","국토해양부","광역지역발전특별회계","광역발전계정","재산수입","관유물대여료","토지대여료","12000","0","0"
"2011","국토해양부","광역지역발전특별회계","지역개발계정","경상이전수입","가산금","가산금","8798000","0","0"
"2011","국토해양부","광역지역발전특별회계","지역개발계정","경상이전수입","기타경상이전수입","기타경상이전수입","5395000","0","0"
"2011","국토해양부","광역지역발전특별회계","지역개발계정","경상이전수입","기타경상이전수입","법정부담금","192304000","0","0"
"2011","국토해양부","광역지역발전특별회계","지역개발계정","경상이전수입","벌금,몰수금및과태료","벌금및과료","300000","0","0"
"2011","국토해양부","광역지역발전특별회계","지역개발계정","융자및전대차관원금회수","융자원금회수","기타민간융자원금회수","1900000","0","0"
"2011","국토해양부","광역지역발전특별회계","지역개발계정","융자및전대차관원금회수","융자원금회수","지방자치단체융자원금회수","2066000","0","0"
"2011","국토해양부","광역지역발전특별회계","지역개발계정","재산수입","기타이자수입및재산수입","기타민간이자수입","250000","0","0"
"2011","국토해양부","광역지역발전특별회계","지역개발계정","재산수입","기타이자수입및재산수입","지방자치단체이자수입","139000","0","0"
"2011","국토해양부","교통시설특별회계","공항계정","경상이전수입","기타경상이전수입","법정부담금","4918000","0","0"
"2011","국토해양부","교통시설특별회계","공항계정","재산수입","정부출자수입","정부출자수입","51555000","0","0"
"2011","국토해양부","교통시설특별회계","공항계정","재화및용역판매수입","항공항만및용수수입","항공항만수입","38880000","0","0"
"2011","국토해양부","교통시설특별회계","공항계정","전년도이월금","전년도이월금","전년도이월금","37000000","0","0"
"2011","국토해양부","교통시설특별회계","공항계정","차입금및여유자금회수","유가증권매각대","기타유가증권매각대","739306000","0","0"
"2011","국토해양부","교통시설특별회계","교통체계관리계정","경상이전수입","기타경상이전수입","기타경상이전수입","1000000","0","0"
"2011","국토해양부","교통시설특별회계","교통체계관리계정","융자및전대차관원금회수","융자원금회수","지방자치단체융자원금회수","46464000","0","0"
"2011","국토해양부","교통시설특별회계","교통체계관리계정","재산수입","기타이자수입및재산수입","지방자치단체이자수입","6405000","0","0"
"2011","국토해양부","교통시설특별회계","교통체계관리계정","전년도이월금","전년도이월금","전년도이월금","700000","0","0"
"2011","국토해양부","교통시설특별회계","교통체계관리계정","정부내부수입및기타","전입금","일반회계전입금","1071831000","0","0"
"2011","국토해양부","교통시설특별회계","도로계정","경상이전수입","가산금","가산금","50000","0","0"
"2011","국토해양부","교통시설특별회계","도로계정","경상이전수입","기타경상이전수입","기타경상이전수입","24677000","0","0"
"2011","국토해양부","교통시설특별회계","도로계정","경상이전수입","기타경상이전수입","법정부담금","200000","0","0"
"2011","국토해양부","교통시설특별회계","도로계정","경상이전수입","벌금,몰수금및과태료","벌금및과료","5000","0","0"
"2011","국토해양부","교통시설특별회계","도로계정","경상이전수입","변상금및위약금","변상금","50000","0","0"
"2011","국토해양부","교통시설특별회계","도로계정","경상이전수입","변상금및위약금","위약금","500000","0","0"
"2011","국토해양부","교통시설특별회계","도로계정","관유물매각대","토지및무형자산매각대","토지매각대","3989000","0","0"
"2011","국토해양부","교통시설특별회계","도로계정","융자및전대차관원금회수","융자원금회수","기타민간융자원금회수","81020000","0","0"
"2011","국토해양부","교통시설특별회계","도로계정","재산수입","관유물대여료","토지대여료","19277000","0","0"
"2011","국토해양부","교통시설특별회계","도로계정","재산수입","기타이자수입및재산수입","기타민간이자수입","24475000","0","0"
"2011","국토해양부","교통시설특별회계","도로계정","재산수입","기타이자수입및재산수입","기타재산수입","400000","0","0"
"2011","국토해양부","교통시설특별회계","도로계정","재산수입","정부출자수입","정부출자수입","30714000","0","0"
"2011","국토해양부","교통시설특별회계","도로계정","재화및용역판매수입","잡수입","기타잡수입","200000","0","0"
"2011","국토해양부","교통시설특별회계","도로계정","전년도이월금","전년도이월금","전년도이월금","134000000","0","0"
"2011","국토해양부","교통시설특별회계","도로계정","정부내부수입및기타","전입금","일반회계전입금","6244538000","0","0"
"2011","국토해양부","교통시설특별회계","도로계정","정부내부수입및기타","전입금","타계정전입금","771051000","0","0"
"2011","국토해양부","교통시설특별회계","철도계정","경상이전수입","기타경상이전수입","기타경상이전수입","500000","0","0"
"2011","국토해양부","교통시설특별회계","철도계정","경상이전수입","변상금및위약금","변상금","400000","0","0"
"2011","국토해양부","교통시설특별회계","철도계정","관유물매각대","토지및무형자산매각대","토지매각대","43500000","0","0"
"2011","국토해양부","교통시설특별회계","철도계정","융자및전대차관원금회수","융자원금회수","기타민간융자원금회수","92917000","0","0"
"2011","국토해양부","교통시설특별회계","철도계정","재산수입","관유물대여료","토지대여료","100000","0","0"
"2011","국토해양부","교통시설특별회계","철도계정","재산수입","기타이자수입및재산수입","기타민간이자수입","64898000","0","0"
"2011","국토해양부","교통시설특별회계","철도계정","재화및용역판매수입","잡수입","기타잡수입","6800000","0","0"
"2011","국토해양부","교통시설특별회계","철도계정","전년도이월금","전년도이월금","전년도이월금","35999000","0","0"
"2011","국토해양부","교통시설특별회계","철도계정","정부내부수입및기타","전입금","일반회계전입금","3559095000","0","0"
"2011","국토해양부","교통시설특별회계","항만계정","경상이전수입","가산금","가산금","200000","0","0"
"2011","국토해양부","교통시설특별회계","항만계정","경상이전수입","기타경상이전수입","기타경상이전수입","2000000","0","0"
"2011","국토해양부","교통시설특별회계","항만계정","경상이전수입","벌금,몰수금및과태료","벌금및과료","160000","0","0"
"2011","국토해양부","교통시설특별회계","항만계정","경상이전수입","변상금및위약금","변상금","400000","0","0"
"2011","국토해양부","교통시설특별회계","항만계정","경상이전수입","변상금및위약금","위약금","400000","0","0"
"2011","국토해양부","교통시설특별회계","항만계정","관유물매각대","고정자산매각대","기타고정자산매각대","100000","0","0"
"2011","국토해양부","교통시설특별회계","항만계정","관유물매각대","토지및무형자산매각대","토지매각대","500000","0","0"
"2011","국토해양부","교통시설특별회계","항만계정","융자및전대차관원금회수","융자원금회수","기타민간융자원금회수","28266000","0","0"
"2011","국토해양부","교통시설특별회계","항만계정","재산수입","관유물대여료","건물대여료","100000","0","0"
"2011","국토해양부","교통시설특별회계","항만계정","재산수입","관유물대여료","기타관유물대여료","50000","0","0"
"2011","국토해양부","교통시설특별회계","항만계정","재산수입","관유물대여료","토지대여료","200000","0","0"
"2011","국토해양부","교통시설특별회계","항만계정","재산수입","기타이자수입및재산수입","기타민간이자수입","16945000","0","0"
"2011","국토해양부","교통시설특별회계","항만계정","재산수입","기타이자수입및재산수입","기타재산수입","200000","0","0"
"2011","국토해양부","교통시설특별회계","항만계정","재화및용역판매수입","면허료및수수료","면허료및수수료","12500000","0","0"
"2011","국토해양부","교통시설특별회계","항만계정","재화및용역판매수입","잡수입","기타잡수입","4000000","0","0"
"2011","국토해양부","교통시설특별회계","항만계정","재화및용역판매수입","항공항만및용수수입","항공항만수입","103000000","0","0"
"2011","국토해양부","교통시설특별회계","항만계정","전년도이월금","전년도이월금","전년도이월금","51000000","0","0"
"2011","국토해양부","교통시설특별회계","항만계정","정부내부수입및기타","전입금","일반회계전입금","1132429000","0","0"
"2011","국토해양부","대산지방해양항만청","손익계정","경상이전수입","가산금","가산금","5000","0","0"
"2011","국토해양부","대산지방해양항만청","손익계정","경상이전수입","기타경상이전수입","기타경상이전수입","5000","0","0"
"2011","국토해양부","대산지방해양항만청","손익계정","경상이전수입","벌금,몰수금및과태료","벌금및과료","5000","0","0"
"2011","국토해양부","대산지방해양항만청","손익계정","경상이전수입","변상금및위약금","변상금","1000","0","0"
"2011","국토해양부","대산지방해양항만청","손익계정","기업특별회계영업수입","책임운영기관사업수입","책임운영기관사업수입","13000000","0","0"
"2011","국토해양부","대산지방해양항만청","손익계정","재산수입","관유물대여료","토지대여료","30000","0","0"
"2011","국토해양부","대산지방해양항만청","손익계정","재화및용역판매수입","면허료및수수료","면허료및수수료","190000","0","0"
"2011","국토해양부","대산지방해양항만청","손익계정","재화및용역판매수입","잡수입","기타잡수입","2000","0","0"
"2011","국토해양부","대산지방해양항만청","손익계정","전년도이월금","전년도이월금","전년도이월금","8861000","0","0"
"2011","국토해양부","대산지방해양항만청","자본계정","전년도이월금","전년도이월금","전년도이월금","7000000","0","0"
"2011","국토해양부","대산지방해양항만청","자본계정","정부내부수입및기타","기타","감가상각비전입금","1000","0","0"
"2011","국토해양부","대산지방해양항만청","자본계정","정부내부수입및기타","기타","당기순이익전입금","15281000","0","0"
"2011","국토해양부","대산지방해양항만청","자본계정","정부내부수입및기타","전입금","기타특별회계전입금","16887000","0","0"
"2011","국토해양부","일반회계",,"경상이전수입","가산금","가산금","58000","0","0"
"2011","국토해양부","일반회계",,"경상이전수입","기타경상이전수입","기타경상이전수입","35606000","0","0"
"2011","국토해양부","일반회계",,"경상이전수입","벌금,몰수금및과태료","벌금및과료","516000","0","0"
"2011","국토해양부","일반회계",,"경상이전수입","변상금및위약금","변상금","958000","0","0"
"2011","국토해양부","일반회계",,"경상이전수입","변상금및위약금","위약금","113000","0","0"
"2011","국토해양부","일반회계",,"관유물매각대","고정자산매각대","기타고정자산매각대","150000","0","0"
"2011","국토해양부","일반회계",,"관유물매각대","토지및무형자산매각대","토지매각대","15989000","0","0"
"2011","국토해양부","일반회계",,"수입대체경비수입","면허료및수수료","면허료및수수료","193000","0","0"
"2011","국토해양부","일반회계",,"수입대체경비수입","잡수입","기타잡수입","1576000","0","0"
"2011","국토해양부","일반회계",,"재산수입","관유물대여료","건물대여료","102000","0","0"
"2011","국토해양부","일반회계",,"재산수입","관유물대여료","기타관유물대여료","80000","0","0"
"2011","국토해양부","일반회계",,"재산수입","관유물대여료","토지대여료","4267000","0","0"
"2011","국토해양부","일반회계",,"재산수입","기타이자수입및재산수입","기타재산수입","848000","0","0"
"2011","국토해양부","일반회계",,"재화및용역판매수입","면허료및수수료","면허료및수수료","48000","0","0"
"2011","국토해양부","일반회계",,"재화및용역판매수입","입학금및수업료","수업료","153000","0","0"
"2011","국토해양부","일반회계",,"재화및용역판매수입","입학금및수업료","입학금","23000","0","0"
"2011","국토해양부","일반회계",,"재화및용역판매수입","잡수입","기타잡수입","23801000","0","0"
"2011","국토해양부","혁신도시건설특별회계",,"관유물매각대","토지및무형자산매각대","토지매각대","1083013161","0","0"
"2011","국토해양부","혁신도시건설특별회계",,"정부내부수입및기타","예수금","기금예수금","100000000","0","0"
"2011","국토해양부","혁신도시건설특별회계",,"정부내부수입및기타","전입금","기타특별회계전입금","36374000","0","0"
"2011","국토해양부","혁신도시건설특별회계",,"정부내부수입및기타","전입금","일반회계전입금","147000000","0","0"
"2011","국회","일반회계",,"경상이전수입","기타경상이전수입","기타경상이전수입","300000","0","0"
"2011","국회","일반회계",,"경상이전수입","변상금및위약금","위약금","16000","0","0"
"2011","국회","일반회계",,"관유물매각대","고정자산매각대","기타고정자산매각대","30000","0","0"
"2011","국회","일반회계",,"수입대체경비수입","잡수입","기타잡수입","130000","0","0"
"2011","국회","일반회계",,"재산수입","관유물대여료","건물대여료","359000","0","0"
"2011","국회","일반회계",,"재산수입","관유물대여료","토지대여료","3000","0","0"
"2011","국회","일반회계",,"재산수입","기타이자수입및재산수입","기타재산수입","2000","0","0"
"2011","국회","일반회계",,"재화및용역판매수입","면허료및수수료","면허료및수수료","150000","0","0"
"2011","국회","일반회계",,"재화및용역판매수입","잡수입","기타잡수입","50000","0","0"
"2011","금융위원회","일반회계",,"경상이전수입","가산금","가산금","86000","0","0"
"2011","금융위원회","일반회계",,"경상이전수입","벌금,몰수금및과태료","과태료","1121000","0","0"
"2011","금융위원회","일반회계",,"경상이전수입","벌금,몰수금및과태료","벌금및과료","8379000","0","0"
"2011","금융위원회","일반회계",,"융자및전대차관원금회수","전대차관원금회수","기타민간전대차관원금회수","15000","0","0"
"2011","금융위원회","일반회계",,"융자및전대차관원금회수","전대차관원금회수","통화금융기관전대차관원금회수","1023000","0","0"
"2011","금융위원회","일반회계",,"재산수입","전대차관이자수입","기타민간전대차관이자수입","2000","0","0"
"2011","금융위원회","일반회계",,"재산수입","전대차관이자수입","통화금융기관전대차관이자수입","84000","0","0"
"2011","기상청","일반회계",,"경상이전수입","기타경상이전수입","기타경상이전수입","100000","0","0"
"2011","기상청","일반회계",,"경상이전수입","변상금및위약금","위약금","60000","0","0"
"2011","기상청","일반회계",,"관유물매각대","고정자산매각대","기타고정자산매각대","10000","0","0"
"2011","기상청","일반회계",,"재산수입","관유물대여료","건물대여료","8561","0","0"
"2011","기상청","일반회계",,"재산수입","관유물대여료","토지대여료","3539","0","0"
"2011","기상청","일반회계",,"재화및용역판매수입","면허료및수수료","면허료및수수료","1970000","0","0"
"2011","기상청","일반회계",,"재화및용역판매수입","잡수입","기타잡수입","1000","0","0"
"2011","기획재정부","광역지역발전특별회계","광역발전계정","내국세","주세","기타주세","2400000","0","0"
"2011","기획재정부","광역지역발전특별회계","광역발전계정","내국세","주세","주세","1585500000","0","0"
"2011","기획재정부","광역지역발전특별회계","광역발전계정","수입대체경비수입","전년도이월금","전년도이월금","100000000","0","0"
"2011","기획재정부","광역지역발전특별회계","광역발전계정","정부내부수입및기타","전입금","기타특별회계전입금","1903739000","0","0"
"2011","기획재정부","광역지역발전특별회계","광역발전계정","정부내부수입및기타","전입금","일반회계전입금","1999841000","0","0"
"2011","기획재정부","광역지역발전특별회계","제주특별자치도계정","수입대체경비수입","전년도이월금","전년도이월금","1515000","0","0"
"2011","기획재정부","광역지역발전특별회계","제주특별자치도계정","정부내부수입및기타","전입금","일반회계전입금","392693000","0","0"
"2011","기획재정부","광역지역발전특별회계","지역개발계정","내국세","주세","기타주세","1600000","0","0"
"2011","기획재정부","광역지역발전특별회계","지역개발계정","내국세","주세","주세","1057000000","0","0"
"2011","기획재정부","광역지역발전특별회계","지역개발계정","수입대체경비수입","전년도이월금","전년도이월금","162131000","0","0"
"2011","기획재정부","광역지역발전특별회계","지역개발계정","정부내부수입및기타","전입금","기타특별회계전입금","51500000","0","0"
"2011","기획재정부","광역지역발전특별회계","지역개발계정","정부내부수입및기타","전입금","일반회계전입금","2149827000","0","0"
"2011","기획재정부","일반회계",,"경상이전수입","가산금","가산금","1","0","0"
"2011","기획재정부","일반회계",,"경상이전수입","기타경상이전수입","기타경상이전수입","110063704","0","0"
"2011","기획재정부","일반회계",,"경상이전수입","벌금,몰수금및과태료","벌금및과료","70000","0","0"
"2011","기획재정부","일반회계",,"경상이전수입","변상금및위약금","변상금","30669000","0","0"
"2011","기획재정부","일반회계",,"경상이전수입","변상금및위약금","위약금","5000","0","0"
"2011","기획재정부","일반회계",,"관세","관세","관세","11365700000","0","0"
"2011","기획재정부","일반회계",,"관유물매각대","고정자산매각대","건물매각대","2232000","0","0"
"2011","기획재정부","일반회계",,"관유물매각대","고정자산매각대","기타고정자산매각대","1","0","0"
"2011","기획재정부","일반회계",,"관유물매각대","토지및무형자산매각대","기타토지및무형자산매각대","1","0","0"
"2011","기획재정부","일반회계",,"관유물매각대","토지및무형자산매각대","입목죽매각대","1","0","0"
"2011","기획재정부","일반회계",,"관유물매각대","토지및무형자산매각대","토지매각대","945309000","0","0"
"2011","기획재정부","일반회계",,"교육세","교육세","교육세","4601800000","0","0"
"2011","기획재정부","일반회계",,"교통·에너지·환경세","교통·에너지·환경세","교통·에너지·환경세","12366800000","0","0"
"2011","기획재정부","일반회계",,"내국세","개별소비세","개별소비세","5012400000","0","0"
"2011","기획재정부","일반회계",,"내국세","기타내국세","과년도수입","4530300000","0","0"
"2011","기획재정부","일반회계",,"내국세","법인세","법인세","41300100000","0","0"
"2011","기획재정부","일반회계",,"내국세","부가가치세","부가가치세","52937300000","0","0"
"2011","기획재정부","일반회계",,"내국세","상속세","상속세","1300100000","0","0"
"2011","기획재정부","일반회계",,"내국세","상속세","증여세","1792000000","0","0"
"2011","기획재정부","일반회계",,"내국세","소득세","신고분","15127000000","0","0"
"2011","기획재정부","일반회계",,"내국세","소득세","원천분","24910900000","0","0"
"2011","기획재정부","일반회계",,"내국세","인지세","인지세","532400000","0","0"
"2011","기획재정부","일반회계",,"내국세","증권거래세","증권거래세","3920700000","0","0"
"2011","기획재정부","일반회계",,"재산수입","관유물대여료","건물대여료","6091000","0","0"
"2011","기획재정부","일반회계",,"재산수입","관유물대여료","토지대여료","37801000","0","0"
"2011","기획재정부","일반회계",,"재산수입","기타이자수입및재산수입","기타재산수입","31203000","0","0"
"2011","기획재정부","일반회계",,"재산수입","정부출자수입","정부출자수입","276290000","0","0"
"2011","기획재정부","일반회계",,"재화및용역판매수입","잡수입","기타잡수입","10133001","0","0"
"2011","기획재정부","일반회계",,"정부내부수입및기타","예수금","기금예수금","21000000000","0","0"
"2011","기획재정부","일반회계",,"종합부동산세","종합부동산세","종합부동산세","1068100000","0","0"
"2011","기획재정부","일반회계",,"차입금및여유자금회수","유가증권매각대","기타유가증권매각대","785744000","0","0"
"2011","농림수산식품부","농어촌구조개선특별회계","구조개선사업계정","경상이전수입","기타경상이전수입","기타경상이전수입","31684000","0","0"
"2011","농림수산식품부","농어촌구조개선특별회계","구조개선사업계정","경상이전수입","기타경상이전수입","법정부담금","12029000","0","0"
"2011","농림수산식품부","농어촌구조개선특별회계","구조개선사업계정","융자및전대차관원금회수","융자원금회수","기타민간융자원금회수","614164000","0","0"
"2011","농림수산식품부","농어촌구조개선특별회계","구조개선사업계정","재산수입","기타이자수입및재산수입","기타민간이자수입","17919000","0","0"
"2011","농림수산식품부","농어촌구조개선특별회계","구조개선사업계정","재산수입","기타이자수입및재산수입","기타재산수입","2433000","0","0"
"2011","농림수산식품부","농어촌구조개선특별회계","구조개선사업계정","전년도이월금","전년도이월금","전년도이월금","28243000","0","0"
"2011","농림수산식품부","농어촌구조개선특별회계","구조개선사업계정","정부내부수입및기타","전입금","일반회계전입금","738778000","0","0"
"2011","농림수산식품부","농어촌구조개선특별회계","구조개선사업계정","정부내부수입및기타","전입금","타계정전입금","1910796000","0","0"
"2011","농림수산식품부","농어촌구조개선특별회계","농어촌특별세사업계정","경상이전수입","기타경상이전수입","기타경상이전수입","15563000","0","0"
"2011","농림수산식품부","농어촌구조개선특별회계","농어촌특별세사업계정","농어촌특별세","농어촌특별세","농어촌특별세","4224000000","0","0"
"2011","농림수산식품부","농어촌구조개선특별회계","농어촌특별세사업계정","융자및전대차관원금회수","융자원금회수","기타민간융자원금회수","38562000","0","0"
"2011","농림수산식품부","농어촌구조개선특별회계","농어촌특별세사업계정","재산수입","기타이자수입및재산수입","기타민간이자수입","3108000","0","0"
"2011","농림수산식품부","농어촌구조개선특별회계","농어촌특별세사업계정","재산수입","기타이자수입및재산수입","기타재산수입","1179000","0","0"
"2011","농림수산식품부","농어촌구조개선특별회계","농어촌특별세사업계정","전년도이월금","전년도이월금","전년도이월금","419900000","0","0"
"2011","농림수산식품부","농어촌구조개선특별회계","농어촌특별세사업계정","정부내부수입및기타","예탁원금회수","기금예탁원금회수","31203000","0","0"
"2011","농림수산식품부","농어촌구조개선특별회계","농어촌특별세사업계정","정부내부수입및기타","예탁이자수입","기금예탁이자수입","13379000","0","0"
"2011","농림수산식품부","양곡관리특별회계","손익계정","기업특별회계영업수입","양곡사업수입","미곡판매수입","684242000","0","0"
"2011","농림수산식품부","양곡관리특별회계","손익계정","기업특별회계영업수입","양곡사업수입","부산물기타판매수입료","3756000","0","0"
"2011","농림수산식품부","양곡관리특별회계","손익계정","기업특별회계영업수입","양곡사업수입","잡곡판매수입","18439000","0","0"
"2011","농림수산식품부","양곡관리특별회계","손익계정","재화및용역판매수입","잡수입","기타잡수입","9413000","0","0"
"2011","농림수산식품부","양곡관리특별회계","손익계정","전년도이월금","전년도이월금","전년도이월금","38215000","0","0"
"2011","농림수산식품부","양곡관리특별회계","손익계정","정부내부수입및기타","전입금","일반회계전입금","634941560","0","0"
"2011","농림수산식품부","양곡관리특별회계","손익계정","정부내부수입및기타","전입금","타계정전입금","2","0","0"
"2011","농림수산식품부","양곡관리특별회계","자본계정","관유물매각대","고정자산매각대","기타고정자산매각대","2","0","0"
"2011","농림수산식품부","양곡관리특별회계","자본계정","전년도이월금","전년도이월금","전년도이월금","1","0","0"
"2011","농림수산식품부","양곡관리특별회계","자본계정","정부내부수입및기타","전입금","타계정전입금","1","0","0"
"2011","농림수산식품부","일반회계",,"경상이전수입","가산금","가산금","3000","0","0"
"2011","농림수산식품부","일반회계",,"경상이전수입","기타경상이전수입","기타경상이전수입","11667000","0","0"
"2011","농림수산식품부","일반회계",,"경상이전수입","벌금,몰수금및과태료","벌금및과료","1069000","0","0"
"2011","농림수산식품부","일반회계",,"경상이전수입","변상금및위약금","변상금","381000","0","0"
"2011","농림수산식품부","일반회계",,"경상이전수입","변상금및위약금","위약금","33000","0","0"
"2011","농림수산식품부","일반회계",,"관유물매각대","고정자산매각대","기타고정자산매각대","612000","0","0"
"2011","농림수산식품부","일반회계",,"관유물매각대","토지및무형자산매각대","토지매각대","2266000","0","0"
"2011","농림수산식품부","일반회계",,"수입대체경비수입","잡수입","기타잡수입","795000","0","0"
"2011","농림수산식품부","일반회계",,"재산수입","관유물대여료","건물대여료","85000","0","0"
"2011","농림수산식품부","일반회계",,"재산수입","관유물대여료","토지대여료","488000","0","0"
"2011","농림수산식품부","일반회계",,"재산수입","기타이자수입및재산수입","기타재산수입","2000","0","0"
"2011","농림수산식품부","일반회계",,"재화및용역판매수입","면허료및수수료","면허료및수수료","2692000","0","0"
"2011","농림수산식품부","일반회계",,"재화및용역판매수입","실습수입","실습수입","43000","0","0"
"2011","농림수산식품부","일반회계",,"재화및용역판매수입","잡수입","기타잡수입","147000","0","0"
"2011","농촌진흥청","농어촌구조개선특별회계","구조개선사업계정","경상이전수입","기타경상이전수입","기타경상이전수입","500000","0","0"
"2011","농촌진흥청","농어촌구조개선특별회계","구조개선사업계정","재산수입","기타이자수입및재산수입","기타재산수입","70000","0","0"
"2011","농촌진흥청","일반회계",,"경상이전수입","기타경상이전수입","기타경상이전수입","982000","0","0"
"2011","농촌진흥청","일반회계",,"경상이전수입","변상금및위약금","위약금","106000","0","0"
"2011","농촌진흥청","일반회계",,"관유물매각대","고정자산매각대","기타고정자산매각대","12000","0","0"
"2011","농촌진흥청","일반회계",,"관유물매각대","재고자산매각대및유동자산","유동자산매각대","7000","0","0"
"2011","농촌진흥청","일반회계",,"수입대체경비수입","면허료및수수료","면허료및수수료","750000","0","0"
"2011","농촌진흥청","일반회계",,"수입대체경비수입","잡수입","기타잡수입","37000","0","0"
"2011","농촌진흥청","일반회계",,"재산수입","관유물대여료","토지대여료","28000","0","0"
"2011","농촌진흥청","일반회계",,"재산수입","기타이자수입및재산수입","기타재산수입","215000","0","0"
"2011","농촌진흥청","일반회계",,"재화및용역판매수입","실습수입","실습수입","3766000","0","0"
"2011","농촌진흥청","일반회계",,"재화및용역판매수입","잡수입","기타잡수입","121000","0","0"
"2011","대법원","등기특별회계",,"경상이전수입","기타경상이전수입","기타경상이전수입","258424","0","0"
"2011","대법원","등기특별회계",,"관유물매각대","고정자산매각대","건물매각대","150000","0","0"
"2011","대법원","등기특별회계",,"관유물매각대","토지및무형자산매각대","토지매각대","5595000","0","0"
"2011","대법원","등기특별회계",,"재화및용역판매수입","면허료및수수료","면허료및수수료","228908000","0","0"
"2011","대법원","등기특별회계",,"전년도이월금","전년도이월금","전년도이월금","5159000","0","0"
"2011","대법원","일반회계",,"경상이전수입","기타경상이전수입","기타경상이전수입","52067000","0","0"
"2011","대법원","일반회계",,"경상이전수입","벌금,몰수금및과태료","몰수금및추징금","17000","0","0"
"2011","대법원","일반회계",,"경상이전수입","변상금및위약금","변상금","23000","0","0"
"2011","대법원","일반회계",,"관유물매각대","고정자산매각대","기타고정자산매각대","8000","0","0"
"2011","대법원","일반회계",,"재산수입","관유물대여료","건물대여료","494000","0","0"
"2011","대법원","일반회계",,"재산수입","관유물대여료","토지대여료","3382000","0","0"
"2011","대법원","일반회계",,"재화및용역판매수입","면허료및수수료","면허료및수수료","295254000","0","0"
"2011","대법원","일반회계",,"재화및용역판매수입","잡수입","기타잡수입","35000","0","0"
"2011","대법원","일반회계",,"정부내부수입및기타","전입금","기타특별회계전입금","20000000","0","0"
"2011","대통령실","일반회계",,"관유물매각대","고정자산매각대","기타고정자산매각대","16500","0","0"
"2011","대통령실","일반회계",,"재산수입","관유물대여료","건물대여료","59327","0","0"
"2011","대통령실","일반회계",,"재화및용역판매수입","잡수입","기타잡수입","8252","0","0"
"2011","문화재청","일반회계",,"경상이전수입","기타경상이전수입","기타경상이전수입","11409808","0","0"
"2011","문화재청","일반회계",,"경상이전수입","변상금및위약금","변상금","2447411","0","0"
"2011","문화재청","일반회계",,"경상이전수입","변상금및위약금","위약금","36000","0","0"
"2011","문화재청","일반회계",,"수입대체경비수입","입장료수입","입장료수입","10584000","0","0"
"2011","문화재청","일반회계",,"수입대체경비수입","잡수입","기타잡수입","70000","0","0"
"2011","문화재청","일반회계",,"재산수입","관유물대여료","건물대여료","196472","0","0"
"2011","문화재청","일반회계",,"재산수입","관유물대여료","기타관유물대여료","5000","0","0"
"2011","문화재청","일반회계",,"재산수입","관유물대여료","토지대여료","1531028","0","0"
"2011","문화재청","일반회계",,"재산수입","기타이자수입및재산수입","기타재산수입","56711","0","0"
"2011","문화재청","일반회계",,"재화및용역판매수입","면허료및수수료","면허료및수수료","20490","0","0"
"2011","문화재청","일반회계",,"재화및용역판매수입","입학금및수업료","수업료","303624","0","0"
"2011","문화재청","일반회계",,"재화및용역판매수입","입학금및수업료","입학금","15876","0","0"
"2011","문화재청","일반회계",,"재화및용역판매수입","잡수입","기타잡수입","262850","0","0"
"2011","문화체육관광부","아시아문화중심도시조성특별회계",,"전년도이월금","전년도이월금","전년도이월금","24589000","0","0"
"2011","문화체육관광부","아시아문화중심도시조성특별회계",,"정부내부수입및기타","전입금","일반회계전입금","47287000","0","0"
"2011","문화체육관광부","일반회계",,"경상이전수입","기타경상이전수입","기타경상이전수입","24362000","0","0"
"2011","문화체육관광부","일반회계",,"경상이전수입","벌금,몰수금및과태료","과태료","140000","0","0"
"2011","문화체육관광부","일반회계",,"경상이전수입","벌금,몰수금및과태료","벌금및과료","10000","0","0"
"2011","문화체육관광부","일반회계",,"수입대체경비수입","관유물대여료","건물대여료","329000","0","0"
"2011","문화체육관광부","일반회계",,"수입대체경비수입","관유물대여료","기타관유물대여료","150000","0","0"
"2011","문화체육관광부","일반회계",,"수입대체경비수입","관유물대여료","토지대여료","104166","0","0"
"2011","문화체육관광부","일반회계",,"수입대체경비수입","면허료및수수료","면허료및수수료","784950","0","0"
"2011","문화체육관광부","일반회계",,"수입대체경비수입","입장료수입","입장료수입","1039000","0","0"
"2011","문화체육관광부","일반회계",,"수입대체경비수입","잡수입","기타잡수입","1118000","0","0"
"2011","문화체육관광부","일반회계",,"재산수입","관유물대여료","건물대여료","638000","0","0"
"2011","문화체육관광부","일반회계",,"재산수입","관유물대여료","기타관유물대여료","122000","0","0"
"2011","문화체육관광부","일반회계",,"재산수입","관유물대여료","토지대여료","432000","0","0"
"2011","문화체육관광부","일반회계",,"재산수입","기타이자수입및재산수입","기타재산수입","2663000","0","0"
"2011","문화체육관광부","일반회계",,"재화및용역판매수입","면허료및수수료","면허료및수수료","50020","0","0"
"2011","문화체육관광부","일반회계",,"재화및용역판매수입","입장료수입","입장료수입","104650","0","0"
"2011","문화체육관광부","일반회계",,"재화및용역판매수입","입학금및수업료","수업료","1589000","0","0"
"2011","문화체육관광부","일반회계",,"재화및용역판매수입","입학금및수업료","입학금","135000","0","0"
"2011","문화체육관광부","일반회계",,"재화및용역판매수입","잡수입","기타잡수입","5424953","0","0"
"2011","민주평화통일자문회의","일반회계",,"재산수입","관유물대여료","건물대여료","779","0","0"
"2011","민주평화통일자문회의","일반회계",,"재산수입","기타이자수입및재산수입","기타재산수입","1000","0","0"
"2011","방송통신위원회","일반회계",,"경상이전수입","기타경상이전수입","기타경상이전수입","950000","0","0"
"2011","방송통신위원회","일반회계",,"경상이전수입","벌금,몰수금및과태료","벌금및과료","9835000","0","0"
"2011","방송통신위원회","일반회계",,"경상이전수입","변상금및위약금","위약금","100000","0","0"
"2011","방송통신위원회","일반회계",,"재산수입","관유물대여료","건물대여료","8000","0","0"
"2011","방송통신위원회","일반회계",,"재산수입","관유물대여료","토지대여료","55000","0","0"
"2011","방송통신위원회","일반회계",,"재화및용역판매수입","면허료및수수료","면허료및수수료","300617000","0","0"
"2011","방위사업청","일반회계",,"경상이전수입","가산금","가산금","6000","0","0"
"2011","방위사업청","일반회계",,"경상이전수입","기타경상이전수입","기타경상이전수입","30368000","0","0"
"2011","방위사업청","일반회계",,"경상이전수입","변상금및위약금","위약금","14236000","0","0"
"2011","방위사업청","일반회계",,"융자및전대차관원금회수","융자원금회수","기타민간융자원금회수","6159000","0","0"
"2011","방위사업청","일반회계",,"재산수입","관유물대여료","건물대여료","31000","0","0"
"2011","방위사업청","일반회계",,"재산수입","관유물대여료","기타관유물대여료","17000","0","0"
"2011","방위사업청","일반회계",,"재산수입","기타이자수입및재산수입","기타재산수입","12823000","0","0"
"2011","방위사업청","일반회계",,"재화및용역판매수입","잡수입","기타잡수입","11000","0","0"
"2011","법무부","교도작업특별회계",,"재화및용역판매수입","교도소수입","교도소수입","31686000","0","0"
"2011","법무부","교도작업특별회계",,"재화및용역판매수입","잡수입","기타잡수입","300000","0","0"
"2011","법무부","교도작업특별회계",,"전년도이월금","전년도이월금","전년도이월금","11000000","0","0"
"2011","법무부","일반회계",,"경상이전수입","가산금","가산금","15829","0","0"
"2011","법무부","일반회계",,"경상이전수입","기타경상이전수입","기타경상이전수입","3108813","0","0"
"2011","법무부","일반회계",,"경상이전수입","벌금,몰수금및과태료","몰수금및추징금","41074000","0","0"
"2011","법무부","일반회계",,"경상이전수입","벌금,몰수금및과태료","벌금및과료","1749449000","0","0"
"2011","법무부","일반회계",,"경상이전수입","변상금및위약금","변상금","185803","0","0"
"2011","법무부","일반회계",,"경상이전수입","변상금및위약금","위약금","362108","0","0"
"2011","법무부","일반회계",,"관유물매각대","고정자산매각대","기계기구매각대","20435","0","0"
"2011","법무부","일반회계",,"관유물매각대","고정자산매각대","기타고정자산매각대","51478","0","0"
"2011","법무부","일반회계",,"수입대체경비수입","면허료및수수료","면허료및수수료","3500000","0","0"
"2011","법무부","일반회계",,"수입대체경비수입","잡수입","기타잡수입","416000","0","0"
"2011","법무부","일반회계",,"재산수입","관유물대여료","건물대여료","365725","0","0"
"2011","법무부","일반회계",,"재산수입","관유물대여료","토지대여료","4900000","0","0"
"2011","법무부","일반회계",,"재산수입","기타이자수입및재산수입","기타재산수입","42547","0","0"
"2011","법무부","일반회계",,"재화및용역판매수입","면허료및수수료","면허료및수수료","1013000","0","0"
"2011","법무부","일반회계",,"재화및용역판매수입","잡수입","기타잡수입","705805","0","0"
"2011","병무청","일반회계",,"경상이전수입","기타경상이전수입","기타경상이전수입","242616","0","0"
"2011","병무청","일반회계",,"경상이전수입","벌금,몰수금및과태료","벌금및과료","20233","0","0"
"2011","병무청","일반회계",,"경상이전수입","변상금및위약금","위약금","10527","0","0"
"2011","병무청","일반회계",,"관유물매각대","고정자산매각대","기타고정자산매각대","20828","0","0"
"2011","병무청","일반회계",,"재산수입","관유물대여료","건물대여료","35657","0","0"
"2011","병무청","일반회계",,"재산수입","관유물대여료","토지대여료","1298","0","0"
"2011","병무청","일반회계",,"재화및용역판매수입","잡수입","기타잡수입","2588","0","0"
"2011","보건복지부","국립공주병원","손익계정","경상이전수입","기타경상이전수입","기타경상이전수입","6000","0","0"
"2011","보건복지부","국립공주병원","손익계정","기업특별회계영업수입","책임운영기관사업수입","책임운영기관사업수입","5076000","0","0"
"2011","보건복지부","국립공주병원","손익계정","재산수입","관유물대여료","건물대여료","2000","0","0"
"2011","보건복지부","국립공주병원","손익계정","전년도이월금","전년도이월금","전년도이월금","1509000","0","0"
"2011","보건복지부","국립공주병원","손익계정","정부내부수입및기타","전입금","일반회계전입금","4223377","0","0"
"2011","보건복지부","국립공주병원","자본계정","전년도이월금","전년도이월금","전년도이월금","18000","0","0"
"2011","보건복지부","국립공주병원","자본계정","정부내부수입및기타","기타","감가상각비전입금","1000","0","0"
"2011","보건복지부","국립공주병원","자본계정","정부내부수입및기타","기타","당기순이익전입금","1000","0","0"
"2011","보건복지부","국립공주병원","자본계정","정부내부수입및기타","전입금","일반회계전입금","608000","0","0"
"2011","보건복지부","국립나주병원","손익계정","관유물매각대","고정자산매각대","기타고정자산매각대","2000","0","0"
"2011","보건복지부","국립나주병원","손익계정","기업특별회계영업수입","책임운영기관사업수입","책임운영기관사업수입","8922000","0","0"
"2011","보건복지부","국립나주병원","손익계정","재산수입","관유물대여료","건물대여료","1000","0","0"
"2011","보건복지부","국립나주병원","손익계정","재산수입","기타이자수입및재산수입","기타재산수입","1000","0","0"
"2011","보건복지부","국립나주병원","손익계정","재화및용역판매수입","잡수입","기타잡수입","15000","0","0"
"2011","보건복지부","국립나주병원","손익계정","전년도이월금","전년도이월금","전년도이월금","2215000","0","0"
"2011","보건복지부","국립나주병원","손익계정","정부내부수입및기타","전입금","일반회계전입금","4278928","0","0"
"2011","보건복지부","국립나주병원","자본계정","전년도이월금","전년도이월금","전년도이월금","68000","0","0"
"2011","보건복지부","국립나주병원","자본계정","정부내부수입및기타","기타","감가상각비전입금","1000","0","0"
"2011","보건복지부","국립나주병원","자본계정","정부내부수입및기타","기타","당기순이익전입금","1000","0","0"
"2011","보건복지부","국립나주병원","자본계정","정부내부수입및기타","전입금","일반회계전입금","1093000","0","0"
"2011","보건복지부","국립마산병원","손익계정","기업특별회계영업수입","책임운영기관사업수입","책임운영기관사업수입","4032000","0","0"
"2011","보건복지부","국립마산병원","손익계정","재산수입","관유물대여료","건물대여료","4000","0","0"
"2011","보건복지부","국립마산병원","손익계정","재산수입","관유물대여료","토지대여료","57000","0","0"
"2011","보건복지부","국립마산병원","손익계정","재산수입","기타이자수입및재산수입","기타재산수입","1000","0","0"
"2011","보건복지부","국립마산병원","손익계정","재화및용역판매수입","면허료및수수료","면허료및수수료","2000","0","0"
"2011","보건복지부","국립마산병원","손익계정","재화및용역판매수입","잡수입","기타잡수입","1000","0","0"
"2011","보건복지부","국립마산병원","손익계정","전년도이월금","전년도이월금","전년도이월금","2711000","0","0"
"2011","보건복지부","국립마산병원","손익계정","정부내부수입및기타","전입금","일반회계전입금","2097809","0","0"
"2011","보건복지부","국립마산병원","자본계정","정부내부수입및기타","기타","감가상각비전입금","1000","0","0"
"2011","보건복지부","국립마산병원","자본계정","정부내부수입및기타","기타","당기순이익전입금","1000","0","0"
"2011","보건복지부","국립마산병원","자본계정","정부내부수입및기타","전입금","일반회계전입금","880000","0","0"
"2011","보건복지부","국립목포병원","손익계정","경상이전수입","기타경상이전수입","기타경상이전수입","2000","0","0"
"2011","보건복지부","국립목포병원","손익계정","관유물매각대","고정자산매각대","기타고정자산매각대","8000","0","0"
"2011","보건복지부","국립목포병원","손익계정","기업특별회계영업수입","책임운영기관사업수입","책임운영기관사업수입","2374000","0","0"
"2011","보건복지부","국립목포병원","손익계정","재산수입","관유물대여료","건물대여료","1000","0","0"
"2011","보건복지부","국립목포병원","손익계정","전년도이월금","전년도이월금","전년도이월금","526000","0","0"
"2011","보건복지부","국립목포병원","손익계정","정부내부수입및기타","전입금","일반회계전입금","2921412","0","0"
"2011","보건복지부","국립목포병원","자본계정","전년도이월금","전년도이월금","전년도이월금","16000","0","0"
"2011","보건복지부","국립목포병원","자본계정","정부내부수입및기타","기타","감가상각비전입금","1000","0","0"
"2011","보건복지부","국립목포병원","자본계정","정부내부수입및기타","기타","당기순이익전입금","1000","0","0"
"2011","보건복지부","국립목포병원","자본계정","정부내부수입및기타","전입금","일반회계전입금","1095000","0","0"
"2011","보건복지부","국립부곡병원","손익계정","기업특별회계영업수입","책임운영기관사업수입","책임운영기관사업수입","7079000","0","0"
"2011","보건복지부","국립부곡병원","손익계정","재산수입","관유물대여료","건물대여료","1000","0","0"
"2011","보건복지부","국립부곡병원","손익계정","재산수입","기타이자수입및재산수입","기타재산수입","2000","0","0"
"2011","보건복지부","국립부곡병원","손익계정","재화및용역판매수입","잡수입","기타잡수입","5000","0","0"
"2011","보건복지부","국립부곡병원","손익계정","전년도이월금","전년도이월금","전년도이월금","3179000","0","0"
"2011","보건복지부","국립부곡병원","손익계정","정부내부수입및기타","전입금","일반회계전입금","3480691","0","0"
"2011","보건복지부","국립부곡병원","자본계정","정부내부수입및기타","기타","감가상각비전입금","1000","0","0"
"2011","보건복지부","국립부곡병원","자본계정","정부내부수입및기타","기타","당기순이익전입금","1000","0","0"
"2011","보건복지부","국립부곡병원","자본계정","정부내부수입및기타","전입금","일반회계전입금","572000","0","0"
"2011","보건복지부","국립서울병원","손익계정","경상이전수입","기타경상이전수입","기타경상이전수입","1000","0","0"
"2011","보건복지부","국립서울병원","손익계정","경상이전수입","변상금및위약금","위약금","1000","0","0"
"2011","보건복지부","국립서울병원","손익계정","기업특별회계영업수입","책임운영기관사업수입","책임운영기관사업수입","17507000","0","0"
"2011","보건복지부","국립서울병원","손익계정","재산수입","관유물대여료","건물대여료","1000","0","0"
"2011","보건복지부","국립서울병원","손익계정","재산수입","관유물대여료","토지대여료","12000","0","0"
"2011","보건복지부","국립서울병원","손익계정","재산수입","기타이자수입및재산수입","기타재산수입","1000","0","0"
"2011","보건복지부","국립서울병원","손익계정","재화및용역판매수입","면허료및수수료","면허료및수수료","2000","0","0"
"2011","보건복지부","국립서울병원","손익계정","재화및용역판매수입","잡수입","기타잡수입","10000","0","0"
"2011","보건복지부","국립서울병원","손익계정","전년도이월금","전년도이월금","전년도이월금","3801000","0","0"
"2011","보건복지부","국립서울병원","손익계정","정부내부수입및기타","전입금","일반회계전입금","7101072","0","0"
"2011","보건복지부","국립서울병원","자본계정","전년도이월금","전년도이월금","전년도이월금","1836000","0","0"
"2011","보건복지부","국립서울병원","자본계정","정부내부수입및기타","기타","감가상각비전입금","1000","0","0"
"2011","보건복지부","국립서울병원","자본계정","정부내부수입및기타","기타","당기순이익전입금","1000","0","0"
"2011","보건복지부","국립서울병원","자본계정","정부내부수입및기타","전입금","일반회계전입금","2755000","0","0"
"2011","보건복지부","국립재활원","손익계정","기업특별회계영업수입","책임운영기관사업수입","책임운영기관사업수입","11389000","0","0"
"2011","보건복지부","국립재활원","손익계정","수입대체경비수입","잡수입","기타잡수입","123000","0","0"
"2011","보건복지부","국립재활원","손익계정","재산수입","관유물대여료","건물대여료","30000","0","0"
"2011","보건복지부","국립재활원","손익계정","재화및용역판매수입","잡수입","기타영업외잡수익","60000","0","0"
"2011","보건복지부","국립재활원","손익계정","전년도이월금","전년도이월금","전년도이월금","5624000","0","0"
"2011","보건복지부","국립재활원","손익계정","정부내부수입및기타","전입금","일반회계전입금","9296882","0","0"
"2011","보건복지부","국립재활원","자본계정","전년도이월금","전년도이월금","전년도이월금","5354000","0","0"
"2011","보건복지부","국립재활원","자본계정","정부내부수입및기타","기타","감가상각비전입금","1000","0","0"
"2011","보건복지부","국립재활원","자본계정","정부내부수입및기타","기타","당기순이익전입금","1000","0","0"
"2011","보건복지부","국립재활원","자본계정","정부내부수입및기타","전입금","일반회계전입금","961000","0","0"
"2011","보건복지부","국립춘천병원","손익계정","기업특별회계영업수입","책임운영기관사업수입","책임운영기관사업수입","5534000","0","0"
"2011","보건복지부","국립춘천병원","손익계정","재산수입","기타이자수입및재산수입","기타재산수입","1000","0","0"
"2011","보건복지부","국립춘천병원","손익계정","재화및용역판매수입","잡수입","기타잡수입","2000","0","0"
"2011","보건복지부","국립춘천병원","손익계정","전년도이월금","전년도이월금","전년도이월금","2723000","0","0"
"2011","보건복지부","국립춘천병원","손익계정","정부내부수입및기타","전입금","일반회계전입금","1111396","0","0"
"2011","보건복지부","국립춘천병원","자본계정","전년도이월금","전년도이월금","전년도이월금","2000","0","0"
"2011","보건복지부","국립춘천병원","자본계정","정부내부수입및기타","기타","감가상각비전입금","1000","0","0"
"2011","보건복지부","국립춘천병원","자본계정","정부내부수입및기타","기타","당기순이익전입금","1000","0","0"
"2011","보건복지부","국립춘천병원","자본계정","정부내부수입및기타","전입금","일반회계전입금","318000","0","0"
"2011","보건복지부","일반회계",,"경상이전수입","기타경상이전수입","기타경상이전수입","368011000","0","0"
"2011","보건복지부","일반회계",,"경상이전수입","벌금,몰수금및과태료","과태료","15752000","0","0"
"2011","보건복지부","일반회계",,"경상이전수입","변상금및위약금","위약금","30000","0","0"
"2011","보건복지부","일반회계",,"관유물매각대","고정자산매각대","기타고정자산매각대","10000","0","0"
"2011","보건복지부","일반회계",,"수입대체경비수입","잡수입","기타잡수입","900000","0","0"
"2011","보건복지부","일반회계",,"융자및전대차관원금회수","전대차관원금회수","기타민간전대차관원금회수","1085000","0","0"
"2011","보건복지부","일반회계",,"재산수입","관유물대여료","건물대여료","1000","0","0"
"2011","보건복지부","일반회계",,"재산수입","관유물대여료","토지대여료","6000","0","0"
"2011","보건복지부","일반회계",,"재산수입","기타이자수입및재산수입","기타민간이자수입","498000","0","0"
"2011","보건복지부","일반회계",,"재산수입","기타이자수입및재산수입","기타재산수입","957000","0","0"
"2011","보건복지부","일반회계",,"재산수입","전대차관이자수입","기타민간전대차관이자수입","1076000","0","0"
"2011","보건복지부","일반회계",,"재화및용역판매수입","면허료및수수료","면허료및수수료","30000","0","0"
"2011","보건복지부","일반회계",,"재화및용역판매수입","잡수입","기타잡수입","11000","0","0"
"2011","산림청","국립자연휴양림관리소","손익계정","기업특별회계영업수입","책임운영기관사업수입","책임운영기관사업수입","8685000","0","0"
"2011","산림청","국립자연휴양림관리소","손익계정","재산수입","관유물대여료","건물대여료","3000","0","0"
"2011","산림청","국립자연휴양림관리소","손익계정","전년도이월금","전년도이월금","전년도이월금","4285000","0","0"
"2011","산림청","국립자연휴양림관리소","손익계정","정부내부수입및기타","전입금","일반회계전입금","5624312","0","0"
"2011","산림청","국립자연휴양림관리소","자본계정","전년도이월금","전년도이월금","전년도이월금","432000","0","0"
"2011","산림청","국립자연휴양림관리소","자본계정","정부내부수입및기타","기타","감가상각비전입금","1000","0","0"
"2011","산림청","국립자연휴양림관리소","자본계정","정부내부수입및기타","기타","당기순이익전입금","1000","0","0"
"2011","산림청","국립자연휴양림관리소","자본계정","정부내부수입및기타","전입금","일반회계전입금","18094000","0","0"
"2011","산림청","농어촌구조개선특별회계","임업진흥사업계정","경상이전수입","기타경상이전수입","기타경상이전수입","7671000","0","0"
"2011","산림청","농어촌구조개선특별회계","임업진흥사업계정","경상이전수입","기타경상이전수입","법정부담금","124888000","0","0"
"2011","산림청","농어촌구조개선특별회계","임업진흥사업계정","경상이전수입","변상금및위약금","변상금","196000","0","0"
"2011","산림청","농어촌구조개선특별회계","임업진흥사업계정","경상이전수입","변상금및위약금","위약금","12000","0","0"
"2011","산림청","농어촌구조개선특별회계","임업진흥사업계정","관유물매각대","토지및무형자산매각대","입목죽매각대","19265000","0","0"
"2011","산림청","농어촌구조개선특별회계","임업진흥사업계정","융자및전대차관원금회수","융자원금회수","기타민간융자원금회수","53816000","0","0"
"2011","산림청","농어촌구조개선특별회계","임업진흥사업계정","재산수입","기타이자수입및재산수입","기타민간이자수입","2339000","0","0"
"2011","산림청","농어촌구조개선특별회계","임업진흥사업계정","재산수입","기타이자수입및재산수입","기타재산수입","27000","0","0"
"2011","산림청","농어촌구조개선특별회계","임업진흥사업계정","재화및용역판매수입","잡수입","기타잡수입","1544000","0","0"
"2011","산림청","농어촌구조개선특별회계","임업진흥사업계정","정부내부수입및기타","전입금","일반회계전입금","413447000","0","0"
"2011","산림청","일반회계",,"경상이전수입","기타경상이전수입","기타경상이전수입","6234000","0","0"
"2011","산림청","일반회계",,"경상이전수입","벌금,몰수금및과태료","벌금및과료","23000","0","0"
"2011","산림청","일반회계",,"경상이전수입","변상금및위약금","변상금","3306000","0","0"
"2011","산림청","일반회계",,"경상이전수입","변상금및위약금","위약금","151000","0","0"
"2011","산림청","일반회계",,"관유물매각대","고정자산매각대","기타고정자산매각대","74000","0","0"
"2011","산림청","일반회계",,"관유물매각대","토지및무형자산매각대","토지매각대","84500000","0","0"
"2011","산림청","일반회계",,"융자및전대차관원금회수","융자원금회수","기타민간융자원금회수","140000","0","0"
"2011","산림청","일반회계",,"재산수입","관유물대여료","건물대여료","77000","0","0"
"2011","산림청","일반회계",,"재산수입","관유물대여료","토지대여료","14284000","0","0"
"2011","산림청","일반회계",,"재산수입","기타이자수입및재산수입","기타재산수입","245000","0","0"
"2011","산림청","일반회계",,"재화및용역판매수입","면허료및수수료","면허료및수수료","8000","0","0"
"2011","산림청","일반회계",,"재화및용역판매수입","입장료수입","입장료수입","241000","0","0"
"2011","산림청","일반회계",,"재화및용역판매수입","잡수입","기타잡수입","1306000","0","0"
"2011","소방방재청","일반회계",,"경상이전수입","기타경상이전수입","기타경상이전수입","11083000","0","0"
"2011","식품의약품안전청","일반회계",,"경상이전수입","기타경상이전수입","기타경상이전수입","120000","0","0"
"2011","식품의약품안전청","일반회계",,"경상이전수입","벌금,몰수금및과태료","과태료","3132000","0","0"
"2011","식품의약품안전청","일반회계",,"경상이전수입","변상금및위약금","위약금","37000","0","0"
"2011","식품의약품안전청","일반회계",,"관유물매각대","고정자산매각대","기타고정자산매각대","10000","0","0"
"2011","식품의약품안전청","일반회계",,"수입대체경비수입","면허료및수수료","면허료및수수료","4222000","0","0"
"2011","식품의약품안전청","일반회계",,"수입대체경비수입","잡수입","기타잡수입","333000","0","0"
"2011","식품의약품안전청","일반회계",,"재산수입","관유물대여료","토지대여료","42000","0","0"
"2011","식품의약품안전청","일반회계",,"재산수입","기타이자수입및재산수입","기타재산수입","65000","0","0"
"2011","식품의약품안전청","일반회계",,"재화및용역판매수입","면허료및수수료","면허료및수수료","347000","0","0"
"2011","식품의약품안전청","일반회계",,"재화및용역판매수입","잡수입","기타잡수입","3000","0","0"
"2011","여성가족부","일반회계",,"경상이전수입","기타경상이전수입","기타경상이전수입","2732000","0","0"
"2011","여성가족부","일반회계",,"재산수입","기타이자수입및재산수입","기타재산수입","8000","0","0"
"2011","외교통상부","일반회계",,"경상이전수입","기타경상이전수입","기타경상이전수입","1997000","0","0"
"2011","외교통상부","일반회계",,"수입대체경비수입","면허료및수수료","면허료및수수료","130096000","0","0"
"2011","외교통상부","일반회계",,"재산수입","기타이자수입및재산수입","기타재산수입","350000","0","0"
"2011","외교통상부","일반회계",,"재화및용역판매수입","잡수입","기타잡수입","1044000","0","0"
"2011","조달청","조달특별회계","손익계정","경상이전수입","변상금및위약금","위약금","350000","0","0"
"2011","조달청","조달특별회계","손익계정","기업특별회계영업수입","조달사업수입","내자구매사업수입","110110000","0","0"
"2011","조달청","조달특별회계","손익계정","기업특별회계영업수입","조달사업수입","비축물자사업수입","7500000","0","0"
"2011","조달청","조달특별회계","손익계정","기업특별회계영업수입","조달사업수입","시설계약사업수입","44405000","0","0"
"2011","조달청","조달특별회계","손익계정","기업특별회계영업수입","조달사업수입","외자구매사업수입","6180000","0","0"
"2011","조달청","조달특별회계","손익계정","수입대체경비수입","잡수입","기타잡수입","387000","0","0"
"2011","조달청","조달특별회계","손익계정","재산수입","관유물대여료","건물대여료","1730849","0","0"
"2011","조달청","조달특별회계","손익계정","재산수입","관유물대여료","기타관유물대여료","31997","0","0"
"2011","조달청","조달특별회계","손익계정","재산수입","관유물대여료","토지대여료","897154","0","0"
"2011","조달청","조달특별회계","손익계정","재화및용역판매수입","잡수입","기타영업외잡수익","13957000","0","0"
"2011","조달청","조달특별회계","손익계정","전년도이월금","전년도이월금","전년도이월금","50254000","0","0"
"2011","조달청","조달특별회계","자본계정","관유물매각대","고정자산매각대","건물매각대","1809000","0","0"
"2011","조달청","조달특별회계","자본계정","관유물매각대","고정자산매각대","기타고정자산매각대","1426000","0","0"
"2011","조달청","조달특별회계","자본계정","관유물매각대","토지및무형자산매각대","토지매각대","27785000","0","0"
"2011","조달청","조달특별회계","자본계정","정부내부수입및기타","전입금","타계정전입금","115377431","0","0"
"2011","중소기업청","일반회계",,"경상이전수입","가산금","가산금","4000","0","0"
"2011","중소기업청","일반회계",,"경상이전수입","기타경상이전수입","기타경상이전수입","10904000","0","0"
"2011","중소기업청","일반회계",,"경상이전수입","변상금및위약금","위약금","41000","0","0"
"2011","중소기업청","일반회계",,"관유물매각대","고정자산매각대","기타고정자산매각대","28000","0","0"
"2011","중소기업청","일반회계",,"재산수입","기타이자수입및재산수입","기타재산수입","2700000","0","0"
"2011","중소기업청","일반회계",,"재화및용역판매수입","잡수입","기타잡수입","12315","0","0"
"2011","중앙선거관리위원회","일반회계",,"경상이전수입","기타경상이전수입","기타경상이전수입","400000","0","0"
"2011","중앙선거관리위원회","일반회계",,"경상이전수입","벌금,몰수금및과태료","과태료","80000","0","0"
"2011","중앙선거관리위원회","일반회계",,"관유물매각대","고정자산매각대","기계기구매각대","39600","0","0"
"2011","중앙선거관리위원회","일반회계",,"관유물매각대","토지및무형자산매각대","토지매각대","150000","0","0"
"2011","중앙선거관리위원회","일반회계",,"재산수입","관유물대여료","토지대여료","100000","0","0"
"2011","중앙선거관리위원회","일반회계",,"재산수입","기타이자수입및재산수입","기타재산수입","5000","0","0"
"2011","중앙선거관리위원회","일반회계",,"재화및용역판매수입","잡수입","기타잡수입","14400","0","0"
"2011","지식경제부","광역지역발전특별회계","광역발전계정","경상이전수입","기타경상이전수입","기타경상이전수입","8061000","0","0"
"2011","지식경제부","광역지역발전특별회계","광역발전계정","재산수입","기타이자수입및재산수입","기타재산수입","3511000","0","0"
"2011","지식경제부","에너지및자원사업특별회계","융자계정","융자및전대차관원금회수","융자원금회수","기타민간융자원금회수","946153000","0","0"
"2011","지식경제부","에너지및자원사업특별회계","융자계정","재산수입","기타이자수입및재산수입","기타민간이자수입","175158000","0","0"
"2011","지식경제부","에너지및자원사업특별회계","융자계정","전년도이월금","전년도이월금","전년도이월금","200662000","0","0"
"2011","지식경제부","에너지및자원사업특별회계","투자계정","경상이전수입","가산금","가산금","159000","0","0"
"2011","지식경제부","에너지및자원사업특별회계","투자계정","경상이전수입","기타경상이전수입","기타경상이전수입","2135210000","0","0"
"2011","지식경제부","에너지및자원사업특별회계","투자계정","재산수입","기타이자수입및재산수입","기타재산수입","1397000","0","0"
"2011","지식경제부","에너지및자원사업특별회계","투자계정","재산수입","정부출자수입","정부출자수입","42841000","0","0"
"2011","지식경제부","에너지및자원사업특별회계","투자계정","전년도이월금","전년도이월금","전년도이월금","7235000","0","0"
"2011","지식경제부","에너지및자원사업특별회계","투자계정","정부내부수입및기타","전입금","일반회계전입금","371004000","0","0"
"2011","지식경제부","에너지및자원사업특별회계","투자계정","정부내부수입및기타","전입금","타계정전입금","204888000","0","0"
"2011","지식경제부","우체국보험특별회계",,"재화및용역판매수입","잡수입","기타잡수입","400000","0","0"
"2011","지식경제부","우체국보험특별회계",,"재화및용역판매수입","잡수입","부가보험료","652432000","0","0"
"2011","지식경제부","우체국예금특별회계","손익계정","기업특별회계영업수입","우정사업수입","금융영업수입","2020588000","0","0"
"2011","지식경제부","우체국예금특별회계","손익계정","재화및용역판매수입","잡수입","기타영업외잡수익","300000","0","0"
"2011","지식경제부","우체국예금특별회계","손익계정","전년도이월금","전년도이월금","전년도이월금","112390000","0","0"
"2011","지식경제부","우체국예금특별회계","손익계정","정부내부수입및기타","전입금","기타특별회계전입금","61175000","0","0"
"2011","지식경제부","우체국예금특별회계","자본계정","관유물매각대","고정자산매각대","기타고정자산매각대","10000","0","0"
"2011","지식경제부","우체국예금특별회계","자본계정","관유물매각대","재고자산매각대및유동자산","유동자산매각대","2000","0","0"
"2011","지식경제부","우체국예금특별회계","자본계정","전년도이월금","전년도이월금","전년도이월금","100000","0","0"
"2011","지식경제부","우체국예금특별회계","자본계정","정부내부수입및기타","전입금","타계정전입금","13426000","0","0"
"2011","지식경제부","우편사업특별회계","손익계정","기업특별회계영업수입","우정사업수입","우편사업수입","2566142000","0","0"
"2011","지식경제부","우편사업특별회계","손익계정","재산수입","관유물대여료","건물대여료","22996000","0","0"
"2011","지식경제부","우편사업특별회계","손익계정","재산수입","관유물대여료","토지대여료","2085000","0","0"
"2011","지식경제부","우편사업특별회계","손익계정","재화및용역판매수입","잡수입","기타영업외잡수익","5771000","0","0"
"2011","지식경제부","우편사업특별회계","손익계정","전년도이월금","전년도이월금","전년도이월금","130941000","0","0"
"2011","지식경제부","우편사업특별회계","손익계정","정부내부수입및기타","전입금","기타특별회계전입금","619626000","0","0"
"2011","지식경제부","우편사업특별회계","손익계정","정부내부수입및기타","전입금","일반회계전입금","5456000","0","0"
"2011","지식경제부","우편사업특별회계","자본계정","관유물매각대","고정자산매각대","건물매각대","522000","0","0"
"2011","지식경제부","우편사업특별회계","자본계정","관유물매각대","고정자산매각대","기계기구매각대","1647000","0","0"
"2011","지식경제부","우편사업특별회계","자본계정","관유물매각대","고정자산매각대","기타고정자산매각대","552000","0","0"
"2011","지식경제부","우편사업특별회계","자본계정","관유물매각대","재고자산매각대및유동자산","유동자산매각대","286000","0","0"
"2011","지식경제부","우편사업특별회계","자본계정","관유물매각대","토지및무형자산매각대","기타토지및무형자산매각대","1443000","0","0"
"2011","지식경제부","우편사업특별회계","자본계정","관유물매각대","토지및무형자산매각대","토지매각대","5064000","0","0"
"2011","지식경제부","우편사업특별회계","자본계정","전년도이월금","전년도이월금","전년도이월금","2575000","0","0"
"2011","지식경제부","우편사업특별회계","자본계정","정부내부수입및기타","기타","감가상각비전입금","171923000","0","0"
"2011","지식경제부","우편사업특별회계","자본계정","정부내부수입및기타","전입금","타계정전입금","135025000","0","0"
"2011","지식경제부","일반회계",,"경상이전수입","기타경상이전수입","기타경상이전수입","60557000","0","0"
"2011","지식경제부","일반회계",,"경상이전수입","벌금,몰수금및과태료","벌금및과료","51000","0","0"
"2011","지식경제부","일반회계",,"경상이전수입","변상금및위약금","위약금","1000","0","0"
"2011","지식경제부","일반회계",,"관유물매각대","고정자산매각대","기타고정자산매각대","1000","0","0"
"2011","지식경제부","일반회계",,"관유물매각대","토지및무형자산매각대","토지매각대","3011000","0","0"
"2011","지식경제부","일반회계",,"수입대체경비수입","잡수입","기타잡수입","573000","0","0"
"2011","지식경제부","일반회계",,"재산수입","관유물대여료","건물대여료","2029000","0","0"
"2011","지식경제부","일반회계",,"재산수입","관유물대여료","기타관유물대여료","1000","0","0"
"2011","지식경제부","일반회계",,"재산수입","관유물대여료","토지대여료","3848000","0","0"
"2011","지식경제부","일반회계",,"재산수입","기타이자수입및재산수입","기타재산수입","20161000","0","0"
"2011","지식경제부","일반회계",,"재화및용역판매수입","잡수입","기타잡수입","21000","0","0"
"2011","통계청","일반회계",,"경상이전수입","기타경상이전수입","기타경상이전수입","35000","0","0"
"2011","통계청","일반회계",,"경상이전수입","변상금및위약금","위약금","16000","0","0"
"2011","통계청","일반회계",,"관유물매각대","고정자산매각대","기타고정자산매각대","310000","0","0"
"2011","통계청","일반회계",,"수입대체경비수입","잡수입","기타잡수입","2482227","0","0"
"2011","통계청","일반회계",,"재화및용역판매수입","잡수입","기타잡수입","134000","0","0"
"2011","통일부","일반회계",,"경상이전수입","기타경상이전수입","기타경상이전수입","3000","0","0"
"2011","통일부","일반회계",,"재산수입","관유물대여료","건물대여료","546000","0","0"
"2011","통일부","일반회계",,"재산수입","기타이자수입및재산수입","기타재산수입","11300","0","0"
"2011","통일부","일반회계",,"재화및용역판매수입","입장료수입","입장료수입","5000","0","0"
"2011","특허청","특허청","손익계정","경상이전수입","기타경상이전수입","기타경상이전수입","37000","0","0"
"2011","특허청","특허청","손익계정","경상이전수입","벌금,몰수금및과태료","벌금및과료","1000","0","0"
"2011","특허청","특허청","손익계정","경상이전수입","변상금및위약금","위약금","1000","0","0"
"2011","특허청","특허청","손익계정","관유물매각대","고정자산매각대","기타고정자산매각대","18000","0","0"
"2011","특허청","특허청","손익계정","관유물매각대","재고자산매각대및유동자산","유동자산매각대","2000","0","0"
"2011","특허청","특허청","손익계정","기업특별회계영업수입","책임운영기관사업수입","책임운영기관사업수입","323738000","0","0"
"2011","특허청","특허청","손익계정","수입대체경비수입","관유물대여료","건물대여료","20000","0","0"
"2011","특허청","특허청","손익계정","수입대체경비수입","잡수입","기타잡수입","328000","0","0"
"2011","특허청","특허청","손익계정","융자및전대차관원금회수","융자원금회수","기타민간융자원금회수","533000","0","0"
"2011","특허청","특허청","손익계정","재산수입","기타이자수입및재산수입","기타민간이자수입","26000","0","0"
"2011","특허청","특허청","손익계정","재산수입","기타이자수입및재산수입","기타재산수입","699000","0","0"
"2011","특허청","특허청","손익계정","재화및용역판매수입","잡수입","기타잡수입","6000","0","0"
"2011","특허청","특허청","손익계정","전년도이월금","전년도이월금","전년도이월금","29457000","0","0"
"2011","특허청","특허청","손익계정","정부내부수입및기타","예탁이자수입","기금예탁이자수입","4218000","0","0"
"2011","특허청","특허청","자본계정","전년도이월금","전년도이월금","전년도이월금","250000","0","0"
"2011","특허청","특허청","자본계정","정부내부수입및기타","기타","감가상각비전입금","2142000","0","0"
"2011","특허청","특허청","자본계정","정부내부수입및기타","기타","당기순이익전입금","1810000","0","0"
"2011","해양경찰청","일반회계",,"경상이전수입","기타경상이전수입","기타경상이전수입","200000","0","0"
"2011","해양경찰청","일반회계",,"경상이전수입","벌금,몰수금및과태료","과태료","100000","0","0"
"2011","해양경찰청","일반회계",,"경상이전수입","벌금,몰수금및과태료","벌금및과료","410000","0","0"
"2011","해양경찰청","일반회계",,"경상이전수입","변상금및위약금","변상금","430000","0","0"
"2011","해양경찰청","일반회계",,"경상이전수입","변상금및위약금","위약금","100000","0","0"
"2011","해양경찰청","일반회계",,"관유물매각대","고정자산매각대","기계기구매각대","20000","0","0"
"2011","해양경찰청","일반회계",,"관유물매각대","고정자산매각대","기타고정자산매각대","500000","0","0"
"2011","해양경찰청","일반회계",,"재산수입","관유물대여료","건물대여료","165000","0","0"
"2011","해양경찰청","일반회계",,"재산수입","관유물대여료","토지대여료","220000","0","0"
"2011","해양경찰청","일반회계",,"재산수입","기타이자수입및재산수입","기타재산수입","30000","0","0"
"2011","해양경찰청","일반회계",,"재화및용역판매수입","면허료및수수료","면허료및수수료","70000","0","0"
"2011","해양경찰청","일반회계",,"재화및용역판매수입","잡수입","기타잡수입","250000","0","0"
"2011","행정안전부","일반회계",,"경상이전수입","기타경상이전수입","기타경상이전수입","14426000","0","0"
"2011","행정안전부","일반회계",,"경상이전수입","변상금및위약금","위약금","523000","0","0"
"2011","행정안전부","일반회계",,"수입대체경비수입","잡수입","기타잡수입","7744110","0","0"
"2011","행정안전부","일반회계",,"재산수입","관유물대여료","건물대여료","1236386","0","0"
"2011","행정안전부","일반회계",,"재산수입","관유물대여료","토지대여료","161900","0","0"
"2011","행정안전부","일반회계",,"재산수입","기타이자수입및재산수입","기타재산수입","965000","0","0"
"2011","행정안전부","일반회계",,"재화및용역판매수입","면허료및수수료","면허료및수수료","1523000","0","0"
"2011","행정안전부","일반회계",,"재화및용역판매수입","잡수입","기타잡수입","1041698","0","0"
"2011","행정중심복합도시건설청","행정중심복합도시건설특별회계",,"재산수입","관유물대여료","건물대여료","210000","0","0"
"2011","행정중심복합도시건설청","행정중심복합도시건설특별회계",,"재산수입","기타이자수입및재산수입","기타재산수입","50000","0","0"
"2011","행정중심복합도시건설청","행정중심복합도시건설특별회계",,"재화및용역판매수입","잡수입","기타잡수입","4460000","0","0"
"2011","행정중심복합도시건설청","행정중심복합도시건설특별회계",,"전년도이월금","전년도이월금","전년도이월금","170000000","0","0"
"2011","행정중심복합도시건설청","행정중심복합도시건설특별회계",,"정부내부수입및기타","전입금","일반회계전입금","611216000","0","0"
"2011","환경부","환경개선특별회계",,"경상이전수입","가산금","가산금","1358000","0","0"
"2011","환경부","환경개선특별회계",,"경상이전수입","기타경상이전수입","기타경상이전수입","76453000","0","0"
"2011","환경부","환경개선특별회계",,"경상이전수입","기타경상이전수입","법정부담금","937545000","0","0"
"2011","환경부","환경개선특별회계",,"경상이전수입","벌금,몰수금및과태료","벌금및과료","1147000","0","0"
"2011","환경부","환경개선특별회계",,"경상이전수입","변상금및위약금","위약금","339000","0","0"
"2011","환경부","환경개선특별회계",,"관유물매각대","고정자산매각대","기타고정자산매각대","640000","0","0"
"2011","환경부","환경개선특별회계",,"수입대체경비수입","잡수입","기타잡수입","680000","0","0"
"2011","환경부","환경개선특별회계",,"융자및전대차관원금회수","융자원금회수","기타민간융자원금회수","98009000","0","0"
"2011","환경부","환경개선특별회계",,"융자및전대차관원금회수","융자원금회수","지방자치단체융자원금회수","219719000","0","0"
"2011","환경부","환경개선특별회계",,"재산수입","관유물대여료","건물대여료","104000","0","0"
"2011","환경부","환경개선특별회계",,"재산수입","관유물대여료","토지대여료","23000","0","0"
"2011","환경부","환경개선특별회계",,"재산수입","기타이자수입및재산수입","기타민간이자수입","21574000","0","0"
"2011","환경부","환경개선특별회계",,"재산수입","기타이자수입및재산수입","기타재산수입","4998000","0","0"
"2011","환경부","환경개선특별회계",,"재산수입","기타이자수입및재산수입","지방자치단체이자수입","48158000","0","0"
"2011","환경부","환경개선특별회계",,"재산수입","전대차관이자수입","기타민간전대차관이자수입","233000","0","0"
"2011","환경부","환경개선특별회계",,"재화및용역판매수입","면허료및수수료","면허료및수수료","278000","0","0"
"2011","환경부","환경개선특별회계",,"재화및용역판매수입","잡수입","기타잡수입","181000","0","0"
"2011","환경부","환경개선특별회계",,"정부내부수입및기타","예수금","기금예수금","43422000","0","0"
"2011","환경부","환경개선특별회계",,"정부내부수입및기타","전입금","일반회계전입금","2816602911","0","0"

