"회계연도","소관명","회계명","계정명","수입관명","수입항명","수입목명","금년도정부안(천원)","금년도국회확정(천원)"
"2016","감사원","일반회계",,"경상이전수입","기타경상이전수입","기타경상이전수입","20000","20000"
"2016","감사원","일반회계",,"수입대체경비수입","잡수입","기타잡수입","390000","390000"
"2016","감사원","일반회계",,"재산수입","관유물대여료","건물대여료","12000","12000"
"2016","감사원","일반회계",,"재산수입","관유물대여료","토지대여료","7000","7000"
"2016","경찰청","경찰병원","손익계정","경상이전수입","기타경상이전수입","기타경상이전수입","5000","5000"
"2016","경찰청","경찰병원","손익계정","경상이전수입","변상금및위약금","위약금","6000","6000"
"2016","경찰청","경찰병원","손익계정","관유물매각대","고정자산매각대","기타고정자산매각대","2000","2000"
"2016","경찰청","경찰병원","손익계정","기업특별회계영업수입","책임운영기관사업수입","책임운영기관사업수입","27467000","27467000"
"2016","경찰청","경찰병원","손익계정","재산수입","관유물대여료","건물대여료","121000","121000"
"2016","경찰청","경찰병원","손익계정","재산수입","기타이자수입및재산수입","기타재산수입","1000","1000"
"2016","경찰청","경찰병원","손익계정","재화및용역판매수입","병원수입","병원수입","6669376","6669376"
"2016","경찰청","경찰병원","손익계정","재화및용역판매수입","잡수입","기타잡수입","7000","7000"
"2016","경찰청","경찰병원","손익계정","전년도이월금","전년도이월금","전년도이월금","680000","680000"
"2016","경찰청","경찰병원","자본계정","전년도이월금","전년도이월금","전년도이월금","37000","37000"
"2016","경찰청","일반회계",,"경상이전수입","가산금","가산금","37437000","37437000"
"2016","경찰청","일반회계",,"경상이전수입","기타경상이전수입","기타경상이전수입","12301000","12301000"
"2016","경찰청","일반회계",,"경상이전수입","벌금,몰수금및과태료","과태료","620000000","620000000"
"2016","경찰청","일반회계",,"경상이전수입","벌금,몰수금및과태료","벌금및과료","147509000","147509000"
"2016","경찰청","일반회계",,"경상이전수입","벌금,몰수금및과태료","징계부과금","100000","100000"
"2016","경찰청","일반회계",,"경상이전수입","변상금및위약금","변상금","389000","389000"
"2016","경찰청","일반회계",,"경상이전수입","변상금및위약금","위약금","956000","956000"
"2016","경찰청","일반회계",,"관유물매각대","고정자산매각대","기계기구매각대","4580000","4580000"
"2016","경찰청","일반회계",,"관유물매각대","고정자산매각대","기타고정자산매각대","382000","382000"
"2016","경찰청","일반회계",,"관유물매각대","토지및무형자산매각대","토지매각대","1101000","1101000"
"2016","경찰청","일반회계",,"재산수입","관유물대여료","건물대여료","1279000","1279000"
"2016","경찰청","일반회계",,"재산수입","관유물대여료","토지대여료","651000","651000"
"2016","경찰청","일반회계",,"재산수입","기타이자수입및재산수입","기타재산수입","703000","703000"
"2016","경찰청","일반회계",,"재화및용역판매수입","면허료및수수료","면허료및수수료","801000","801000"
"2016","경찰청","일반회계",,"재화및용역판매수입","잡수입","기타잡수입","2409000","2409000"
"2016","고용노동부","에너지및자원사업특별회계","투자계정","경상이전수입","기타경상이전수입","기타경상이전수입","203000","203000"
"2016","고용노동부","일반회계",,"경상이전수입","가산금","가산금","145000","145000"
"2016","고용노동부","일반회계",,"경상이전수입","기타경상이전수입","기타경상이전수입","41900000","41900000"
"2016","고용노동부","일반회계",,"경상이전수입","벌금,몰수금및과태료","과징금","78000","78000"
"2016","고용노동부","일반회계",,"경상이전수입","벌금,몰수금및과태료","과태료","37900000","37900000"
"2016","고용노동부","일반회계",,"경상이전수입","벌금,몰수금및과태료","징계부과금","20000","20000"
"2016","고용노동부","일반회계",,"경상이전수입","변상금및위약금","위약금","10000","10000"
"2016","고용노동부","일반회계",,"재산수입","관유물대여료","건물대여료","22000","22000"
"2016","고용노동부","일반회계",,"재산수입","기타이자수입및재산수입","기타재산수입","1630000","1630000"
"2016","고용노동부","일반회계",,"재화및용역판매수입","면허료및수수료","면허료및수수료","4000","4000"
"2016","고용노동부","일반회계",,"재화및용역판매수입","잡수입","기타잡수입","5000","5000"
"2016","공정거래위원회","일반회계",,"경상이전수입","가산금","가산금","247000","247000"
"2016","공정거래위원회","일반회계",,"경상이전수입","기타경상이전수입","기타경상이전수입","939000","939000"
"2016","공정거래위원회","일반회계",,"경상이전수입","벌금,몰수금및과태료","과징금","629161000","629161000"
"2016","공정거래위원회","일반회계",,"경상이전수입","벌금,몰수금및과태료","과태료","2877000","2877000"
"2016","공정거래위원회","일반회계",,"경상이전수입","변상금및위약금","위약금","1000","1000"
"2016","공정거래위원회","일반회계",,"재산수입","기타이자수입및재산수입","기타재산수입","2000","2000"
"2016","관세청","일반회계",,"경상이전수입","가산금","가산금","4719000","4719000"
"2016","관세청","일반회계",,"경상이전수입","기타경상이전수입","기타경상이전수입","365000","365000"
"2016","관세청","일반회계",,"경상이전수입","벌금,몰수금및과태료","과징금","1601000","1601000"
"2016","관세청","일반회계",,"경상이전수입","벌금,몰수금및과태료","과태료","16791000","16791000"
"2016","관세청","일반회계",,"경상이전수입","벌금,몰수금및과태료","몰수금및추징금","3549000","3549000"
"2016","관세청","일반회계",,"경상이전수입","벌금,몰수금및과태료","벌금및과료","5579000","5579000"
"2016","관세청","일반회계",,"경상이전수입","변상금및위약금","위약금","104000","104000"
"2016","관세청","일반회계",,"관유물매각대","고정자산매각대","기계기구매각대","51000","51000"
"2016","관세청","일반회계",,"수입대체경비수입","면허료및수수료","면허료및수수료","2177000","2177000"
"2016","관세청","일반회계",,"수입대체경비수입","잡수입","기타잡수입","29000","29000"
"2016","관세청","일반회계",,"재산수입","관유물대여료","건물대여료","177000","177000"
"2016","관세청","일반회계",,"재산수입","관유물대여료","토지대여료","21000","21000"
"2016","관세청","일반회계",,"재산수입","기타이자수입및재산수입","기타재산수입","12000","12000"
"2016","관세청","일반회계",,"재화및용역판매수입","면허료및수수료","면허료및수수료","5578000","5578000"
"2016","관세청","일반회계",,"재화및용역판매수입","잡수입","기타잡수입","742000","769000"
"2016","교육부","일반회계",,"경상이전수입","기타경상이전수입","기타경상이전수입","83470000","83470000"
"2016","교육부","일반회계",,"경상이전수입","변상금및위약금","변상금","150000","150000"
"2016","교육부","일반회계",,"관유물매각대","고정자산매각대","기계기구매각대","58000","58000"
"2016","교육부","일반회계",,"관유물매각대","고정자산매각대","기타고정자산매각대","147000","147000"
"2016","교육부","일반회계",,"관유물매각대","재고자산매각대및유동자산","재고자산매각대","61000","61000"
"2016","교육부","일반회계",,"수입대체경비수입","면허료및수수료","면허료및수수료","7121000","7095000"
"2016","교육부","일반회계",,"수입대체경비수입","잡수입","기타잡수입","7379000","7379000"
"2016","교육부","일반회계",,"융자및전대차관원금회수","전대차관원금회수","기타민간전대차관원금회수","51000","51000"
"2016","교육부","일반회계",,"재산수입","관유물대여료","건물대여료","6779000","6779000"
"2016","교육부","일반회계",,"재산수입","관유물대여료","기타관유물대여료","90000","90000"
"2016","교육부","일반회계",,"재산수입","관유물대여료","토지대여료","720000","720000"
"2016","교육부","일반회계",,"재산수입","기타이자수입및재산수입","기타재산수입","5518000","5518000"
"2016","교육부","일반회계",,"재산수입","전대차관이자수입","기타민간전대차관이자수입","3000","3000"
"2016","교육부","일반회계",,"재화및용역판매수입","입학금및수업료","수업료","8023000","8023000"
"2016","교육부","일반회계",,"재화및용역판매수입","입학금및수업료","입학금","44000","44000"
"2016","교육부","일반회계",,"재화및용역판매수입","잡수입","기타잡수입","1497000","1497000"
"2016","교육부","지역발전특별회계","경제발전계정","경상이전수입","기타경상이전수입","기타경상이전수입","9450000","9450000"
"2016","교육부","지역발전특별회계","경제발전계정","재산수입","기타이자수입및재산수입","기타재산수입","769000","769000"
"2016","국가보훈처","에너지및자원사업특별회계","투자계정","경상이전수입","기타경상이전수입","기타경상이전수입","82000","82000"
"2016","국가보훈처","에너지및자원사업특별회계","투자계정","재산수입","기타이자수입및재산수입","기타재산수입","28000","28000"
"2016","국가보훈처","일반회계",,"경상이전수입","기타경상이전수입","기타경상이전수입","2578000","2578000"
"2016","국가보훈처","일반회계",,"경상이전수입","벌금,몰수금및과태료","과태료","24000","24000"
"2016","국가보훈처","일반회계",,"경상이전수입","변상금및위약금","위약금","13000","13000"
"2016","국가보훈처","일반회계",,"관유물매각대","고정자산매각대","기타고정자산매각대","24000","24000"
"2016","국가보훈처","일반회계",,"재산수입","관유물대여료","건물대여료","77000","77000"
"2016","국가보훈처","일반회계",,"재산수입","관유물대여료","토지대여료","1000","1000"
"2016","국가보훈처","일반회계",,"재산수입","기타이자수입및재산수입","기타재산수입","364000","364000"
"2016","국가보훈처","일반회계",,"재화및용역판매수입","면허료및수수료","면허료및수수료","1000","1000"
"2016","국가보훈처","일반회계",,"재화및용역판매수입","잡수입","기타잡수입","11000","11000"
"2016","국가인권위원회","일반회계",,"경상이전수입","기타경상이전수입","기타경상이전수입","10000","10000"
"2016","국가인권위원회","일반회계",,"재산수입","기타이자수입및재산수입","기타재산수입","2000","2000"
"2016","국가인권위원회","일반회계",,"재화및용역판매수입","잡수입","기타잡수입","10000","10000"
"2016","국가정보원","일반회계",,"재산수입","기타이자수입및재산수입","기타재산수입","1310500","1310500"
"2016","국민권익위원회","일반회계",,"경상이전수입","기타경상이전수입","기타경상이전수입","110000","459970"
"2016","국민권익위원회","일반회계",,"경상이전수입","벌금,몰수금및과태료","과태료","3000","3000"
"2016","국민권익위원회","일반회계",,"재화및용역판매수입","잡수입","기타잡수입","10000","10000"
"2016","국민안전처","일반회계",,"경상이전수입","가산금","가산금","11000","11000"
"2016","국민안전처","일반회계",,"경상이전수입","기타경상이전수입","기타경상이전수입","11277000","11277000"
"2016","국민안전처","일반회계",,"경상이전수입","벌금,몰수금및과태료","과태료","254000","254000"
"2016","국민안전처","일반회계",,"경상이전수입","벌금,몰수금및과태료","벌금및과료","408000","408000"
"2016","국민안전처","일반회계",,"경상이전수입","벌금,몰수금및과태료","징계부과금","19000","19000"
"2016","국민안전처","일반회계",,"경상이전수입","변상금및위약금","변상금","458000","458000"
"2016","국민안전처","일반회계",,"경상이전수입","변상금및위약금","위약금","719000","719000"
"2016","국민안전처","일반회계",,"관유물매각대","고정자산매각대","기계기구매각대","111000","111000"
"2016","국민안전처","일반회계",,"관유물매각대","고정자산매각대","기타고정자산매각대","510000","510000"
"2016","국민안전처","일반회계",,"재산수입","관유물대여료","건물대여료","204000","204000"
"2016","국민안전처","일반회계",,"재산수입","관유물대여료","토지대여료","11000","11000"
"2016","국민안전처","일반회계",,"재산수입","기타이자수입및재산수입","기타재산수입","942000","942000"
"2016","국민안전처","일반회계",,"재화및용역판매수입","면허료및수수료","면허료및수수료","554000","554000"
"2016","국민안전처","일반회계",,"재화및용역판매수입","잡수입","기타잡수입","572000","572000"
"2016","국민안전처","혁신도시건설특별회계",,"관유물매각대","토지및무형자산매각대","토지매각대","5440000","0"
"2016","국방부","국방·군사시설이전특별회계",,"경상이전수입","기타경상이전수입","기타경상이전수입","506000","506000"
"2016","국방부","국방·군사시설이전특별회계",,"관유물매각대","토지및무형자산매각대","토지매각대","315543000","315543000"
"2016","국방부","국방·군사시설이전특별회계",,"재산수입","기타이자수입및재산수입","기타재산수입","200000","200000"
"2016","국방부","국방·군사시설이전특별회계",,"전년도이월금","전년도이월금","전년도이월금","5800000","5800000"
"2016","국방부","국방·군사시설이전특별회계",,"정부내부수입및기타","예탁이자수입","기금예탁이자수입","8139000","5233000"
"2016","국방부","일반회계",,"경상이전수입","가산금","가산금","94000","94000"
"2016","국방부","일반회계",,"경상이전수입","기타경상이전수입","기타경상이전수입","85277000","85277000"
"2016","국방부","일반회계",,"경상이전수입","벌금,몰수금및과태료","몰수금및추징금","187000","187000"
"2016","국방부","일반회계",,"경상이전수입","벌금,몰수금및과태료","벌금및과료","4575000","4575000"
"2016","국방부","일반회계",,"경상이전수입","변상금및위약금","변상금","2078000","2078000"
"2016","국방부","일반회계",,"경상이전수입","변상금및위약금","위약금","16000000","16000000"
"2016","국방부","일반회계",,"관유물매각대","토지및무형자산매각대","토지매각대","261000","261000"
"2016","국방부","일반회계",,"재산수입","관유물대여료","건물대여료","1247000","1406000"
"2016","국방부","일반회계",,"재산수입","관유물대여료","기타관유물대여료","1336000","1336000"
"2016","국방부","일반회계",,"재산수입","관유물대여료","토지대여료","4783000","4783000"
"2016","국방부","일반회계",,"재산수입","기타이자수입및재산수입","기타재산수입","1606000","1606000"
"2016","국방부","일반회계",,"재화및용역판매수입","면허료및수수료","면허료및수수료","517000","517000"
"2016","국방부","일반회계",,"재화및용역판매수입","병원수입","병원수입","9888000","9888000"
"2016","국방부","일반회계",,"재화및용역판매수입","입학금및수업료","수업료","424000","424000"
"2016","국방부","일반회계",,"재화및용역판매수입","잡수입","기타잡수입","30094000","30094000"
"2016","국방부","일반회계",,"재화및용역판매수입","항공항만및용수수입","항공항만수입","961000","961000"
"2016","국방부","일반회계",,"정부내부수입및기타","전입금","기금전입금","21426000","21426000"
"2016","국방부","주한미군기지이전특별회계",,"경상이전수입","가산금","가산금","7000","7000"
"2016","국방부","주한미군기지이전특별회계",,"경상이전수입","기타경상이전수입","기타경상이전수입","1100000","1100000"
"2016","국방부","주한미군기지이전특별회계",,"경상이전수입","변상금및위약금","변상금","35000","35000"
"2016","국방부","주한미군기지이전특별회계",,"관유물매각대","토지및무형자산매각대","토지매각대","139100000","139100000"
"2016","국방부","주한미군기지이전특별회계",,"재산수입","관유물대여료","토지대여료","5446000","5446000"
"2016","국방부","주한미군기지이전특별회계",,"재산수입","기타이자수입및재산수입","기타재산수입","920000","920000"
"2016","국방부","주한미군기지이전특별회계",,"재화및용역판매수입","잡수입","기타잡수입","107000","107000"
"2016","국방부","주한미군기지이전특별회계",,"정부내부수입및기타","예수금","기금예수금","538483000","568747000"
"2016","국세청","일반회계",,"경상이전수입","가산금","가산금","796900000","796900000"
"2016","국세청","일반회계",,"경상이전수입","기타경상이전수입","기타경상이전수입","20308000","20308000"
"2016","국세청","일반회계",,"경상이전수입","벌금,몰수금및과태료","과징금","67000","67000"
"2016","국세청","일반회계",,"경상이전수입","벌금,몰수금및과태료","과태료","97699000","97699000"
"2016","국세청","일반회계",,"경상이전수입","벌금,몰수금및과태료","벌금및과료","79166000","79166000"
"2016","국세청","일반회계",,"경상이전수입","벌금,몰수금및과태료","징계부과금","36000","36000"
"2016","국세청","일반회계",,"경상이전수입","변상금및위약금","변상금","13000","13000"
"2016","국세청","일반회계",,"관유물매각대","고정자산매각대","기타고정자산매각대","21000","21000"
"2016","국세청","일반회계",,"수입대체경비수입","잡수입","기타잡수입","593000","593000"
"2016","국세청","일반회계",,"재산수입","관유물대여료","건물대여료","107000","107000"
"2016","국세청","일반회계",,"재산수입","관유물대여료","토지대여료","1000","1000"
"2016","국세청","일반회계",,"재화및용역판매수입","잡수입","기타잡수입","29000","29000"
"2016","국세청","혁신도시건설특별회계",,"관유물매각대","고정자산매각대","건물매각대","5736000","5736000"
"2016","국세청","혁신도시건설특별회계",,"관유물매각대","토지및무형자산매각대","토지매각대","129546000","129546000"
"2016","국토교통부","교통시설특별회계","공항계정","경상이전수입","기타경상이전수입","기타경상이전수입","5445000","5445000"
"2016","국토교통부","교통시설특별회계","공항계정","경상이전수입","기타경상이전수입","법정부담금","8910000","8910000"
"2016","국토교통부","교통시설특별회계","공항계정","경상이전수입","벌금,몰수금및과태료","벌금및과료","151000","151000"
"2016","국토교통부","교통시설특별회계","공항계정","재산수입","관유물대여료","토지대여료","1937000","1937000"
"2016","국토교통부","교통시설특별회계","공항계정","재산수입","기타이자수입및재산수입","기타재산수입","932000","932000"
"2016","국토교통부","교통시설특별회계","공항계정","재산수입","정부출자수입","정부출자수입","222211000","222211000"
"2016","국토교통부","교통시설특별회계","공항계정","재화및용역판매수입","면허료및수수료","면허료및수수료","611000","611000"
"2016","국토교통부","교통시설특별회계","공항계정","재화및용역판매수입","항공항만및용수수입","항공항만수입","56693000","56693000"
"2016","국토교통부","교통시설특별회계","공항계정","전년도이월금","전년도이월금","전년도이월금","38932000","38932000"
"2016","국토교통부","교통시설특별회계","교통체계관리계정","경상이전수입","기타경상이전수입","기타경상이전수입","25526000","25526000"
"2016","국토교통부","교통시설특별회계","교통체계관리계정","재산수입","기타이자수입및재산수입","기타재산수입","698000","698000"
"2016","국토교통부","교통시설특별회계","교통체계관리계정","전년도이월금","전년도이월금","전년도이월금","18642000","18642000"
"2016","국토교통부","교통시설특별회계","도로계정","경상이전수입","가산금","가산금","313000","313000"
"2016","국토교통부","교통시설특별회계","도로계정","경상이전수입","기타경상이전수입","기타경상이전수입","15388000","15388000"
"2016","국토교통부","교통시설특별회계","도로계정","경상이전수입","기타경상이전수입","법정부담금","200000","200000"
"2016","국토교통부","교통시설특별회계","도로계정","경상이전수입","벌금,몰수금및과태료","과태료","27000000","27000000"
"2016","국토교통부","교통시설특별회계","도로계정","경상이전수입","벌금,몰수금및과태료","벌금및과료","5000","5000"
"2016","국토교통부","교통시설특별회계","도로계정","경상이전수입","변상금및위약금","변상금","230000","230000"
"2016","국토교통부","교통시설특별회계","도로계정","경상이전수입","변상금및위약금","위약금","500000","500000"
"2016","국토교통부","교통시설특별회계","도로계정","관유물매각대","토지및무형자산매각대","토지매각대","4152000","4152000"
"2016","국토교통부","교통시설특별회계","도로계정","재산수입","관유물대여료","토지대여료","19119000","19119000"
"2016","국토교통부","교통시설특별회계","도로계정","재산수입","기타이자수입및재산수입","기타재산수입","3357000","3357000"
"2016","국토교통부","교통시설특별회계","도로계정","재산수입","정부출자수입","정부출자수입","30800000","30800000"
"2016","국토교통부","교통시설특별회계","도로계정","재화및용역판매수입","잡수입","기타잡수입","12588000","12588000"
"2016","국토교통부","교통시설특별회계","도로계정","전년도이월금","전년도이월금","전년도이월금","33777000","33777000"
"2016","국토교통부","교통시설특별회계","철도계정","경상이전수입","가산금","가산금","123000","123000"
"2016","국토교통부","교통시설특별회계","철도계정","경상이전수입","기타경상이전수입","기타경상이전수입","2681000","2681000"
"2016","국토교통부","교통시설특별회계","철도계정","경상이전수입","변상금및위약금","변상금","224000","224000"
"2016","국토교통부","교통시설특별회계","철도계정","관유물매각대","토지및무형자산매각대","토지매각대","38500000","38500000"
"2016","국토교통부","교통시설특별회계","철도계정","재산수입","관유물대여료","기타관유물대여료","3228000","3228000"
"2016","국토교통부","교통시설특별회계","철도계정","재산수입","관유물대여료","토지대여료","116000","116000"
"2016","국토교통부","교통시설특별회계","철도계정","재산수입","기타이자수입및재산수입","기타재산수입","2344000","2344000"
"2016","국토교통부","교통시설특별회계","철도계정","재화및용역판매수입","잡수입","기타잡수입","11122000","11122000"
"2016","국토교통부","교통시설특별회계","철도계정","전년도이월금","전년도이월금","전년도이월금","28734000","28734000"
"2016","국토교통부","일반회계",,"경상이전수입","가산금","가산금","13000","13000"
"2016","국토교통부","일반회계",,"경상이전수입","기타경상이전수입","기타경상이전수입","87270000","87270000"
"2016","국토교통부","일반회계",,"경상이전수입","기타경상이전수입","민간출연금","40000000","40000000"
"2016","국토교통부","일반회계",,"경상이전수입","벌금,몰수금및과태료","과태료","379000","379000"
"2016","국토교통부","일반회계",,"경상이전수입","벌금,몰수금및과태료","벌금및과료","466000","466000"
"2016","국토교통부","일반회계",,"경상이전수입","변상금및위약금","변상금","244000","244000"
"2016","국토교통부","일반회계",,"경상이전수입","변상금및위약금","위약금","407000","407000"
"2016","국토교통부","일반회계",,"관유물매각대","고정자산매각대","건물매각대","244000","244000"
"2016","국토교통부","일반회계",,"관유물매각대","고정자산매각대","기타고정자산매각대","221000","221000"
"2016","국토교통부","일반회계",,"관유물매각대","토지및무형자산매각대","토지매각대","2615000","2615000"
"2016","국토교통부","일반회계",,"수입대체경비수입","면허료및수수료","면허료및수수료","576000","576000"
"2016","국토교통부","일반회계",,"수입대체경비수입","잡수입","기타잡수입","1439000","1439000"
"2016","국토교통부","일반회계",,"재산수입","관유물대여료","건물대여료","188000","188000"
"2016","국토교통부","일반회계",,"재산수입","관유물대여료","기타관유물대여료","12000","12000"
"2016","국토교통부","일반회계",,"재산수입","관유물대여료","토지대여료","1453000","1453000"
"2016","국토교통부","일반회계",,"재산수입","기타이자수입및재산수입","기타재산수입","11071000","11071000"
"2016","국토교통부","일반회계",,"재화및용역판매수입","면허료및수수료","면허료및수수료","215000","215000"
"2016","국토교통부","일반회계",,"재화및용역판매수입","잡수입","기타잡수입","14085000","14085000"
"2016","국토교통부","지역발전특별회계","경제발전계정","경상이전수입","가산금","가산금","2502000","2502000"
"2016","국토교통부","지역발전특별회계","경제발전계정","경상이전수입","기타경상이전수입","기타경상이전수입","14128000","14128000"
"2016","국토교통부","지역발전특별회계","경제발전계정","경상이전수입","기타경상이전수입","법정부담금","333065000","333065000"
"2016","국토교통부","지역발전특별회계","경제발전계정","관유물매각대","토지및무형자산매각대","토지매각대","7717000","7717000"
"2016","국토교통부","지역발전특별회계","경제발전계정","재산수입","관유물대여료","토지대여료","353000","353000"
"2016","국토교통부","지역발전특별회계","경제발전계정","재산수입","기타이자수입및재산수입","기타민간이자수입","92000","92000"
"2016","국토교통부","지역발전특별회계","경제발전계정","재산수입","기타이자수입및재산수입","기타재산수입","3322000","3322000"
"2016","국토교통부","지역발전특별회계","경제발전계정","재화및용역판매수입","잡수입","기타잡수입","6058000","6058000"
"2016","국토교통부","지역발전특별회계","생활기반계정","경상이전수입","가산금","가산금","9875000","9875000"
"2016","국토교통부","지역발전특별회계","생활기반계정","경상이전수입","기타경상이전수입","기타경상이전수입","5352000","5352000"
"2016","국토교통부","지역발전특별회계","생활기반계정","경상이전수입","기타경상이전수입","법정부담금","213946000","213946000"
"2016","국토교통부","지역발전특별회계","생활기반계정","경상이전수입","벌금,몰수금및과태료","과태료","455000","455000"
"2016","국토교통부","지역발전특별회계","생활기반계정","경상이전수입","벌금,몰수금및과태료","벌금및과료","32000","32000"
"2016","국토교통부","지역발전특별회계","생활기반계정","재산수입","기타이자수입및재산수입","기타재산수입","264000","264000"
"2016","국토교통부","지역발전특별회계","생활기반계정","재화및용역판매수입","잡수입","기타잡수입","48000","48000"
"2016","국토교통부","혁신도시건설특별회계",,"전년도이월금","전년도이월금","전년도이월금","132683000","132683000"
"2016","국회","일반회계",,"경상이전수입","기타경상이전수입","기타경상이전수입","600000","600000"
"2016","국회","일반회계",,"경상이전수입","변상금및위약금","변상금","13000","13000"
"2016","국회","일반회계",,"경상이전수입","변상금및위약금","위약금","20000","20000"
"2016","국회","일반회계",,"관유물매각대","고정자산매각대","기타고정자산매각대","100000","100000"
"2016","국회","일반회계",,"수입대체경비수입","잡수입","기타잡수입","126000","126000"
"2016","국회","일반회계",,"재산수입","관유물대여료","건물대여료","817000","817000"
"2016","국회","일반회계",,"재산수입","관유물대여료","토지대여료","4000","4000"
"2016","국회","일반회계",,"재산수입","기타이자수입및재산수입","기타재산수입","5000","5000"
"2016","국회","일반회계",,"재화및용역판매수입","면허료및수수료","면허료및수수료","150000","150000"
"2016","국회","일반회계",,"재화및용역판매수입","잡수입","기타잡수입","50000","50000"
"2016","금융위원회","일반회계",,"경상이전수입","가산금","가산금","110000","110000"
"2016","금융위원회","일반회계",,"경상이전수입","기타경상이전수입","기타경상이전수입","200452000","200452000"
"2016","금융위원회","일반회계",,"경상이전수입","벌금,몰수금및과태료","과징금","20225000","20225000"
"2016","금융위원회","일반회계",,"경상이전수입","벌금,몰수금및과태료","과태료","4743000","4743000"
"2016","기상청","일반회계",,"경상이전수입","기타경상이전수입","기타경상이전수입","3197000","3197000"
"2016","기상청","일반회계",,"경상이전수입","변상금및위약금","위약금","114000","114000"
"2016","기상청","일반회계",,"관유물매각대","고정자산매각대","기타고정자산매각대","53000","53000"
"2016","기상청","일반회계",,"재산수입","관유물대여료","건물대여료","16000","16000"
"2016","기상청","일반회계",,"재산수입","관유물대여료","기타관유물대여료","3000","3000"
"2016","기상청","일반회계",,"재산수입","관유물대여료","토지대여료","1000","1000"
"2016","기상청","일반회계",,"재산수입","기타이자수입및재산수입","기타재산수입","470000","470000"
"2016","기상청","일반회계",,"재화및용역판매수입","면허료및수수료","면허료및수수료","1912000","1912000"
"2016","기상청","일반회계",,"재화및용역판매수입","잡수입","기타잡수입","5000","5000"
"2016","기획재정부","일반회계",,"경상이전수입","가산금","가산금","1000","1000"
"2016","기획재정부","일반회계",,"경상이전수입","기타경상이전수입","기타경상이전수입","7624923","7624923"
"2016","기획재정부","일반회계",,"경상이전수입","벌금,몰수금및과태료","과태료","100000","100000"
"2016","기획재정부","일반회계",,"경상이전수입","벌금,몰수금및과태료","벌금및과료","3000","3000"
"2016","기획재정부","일반회계",,"경상이전수입","변상금및위약금","위약금","45000","45000"
"2016","기획재정부","일반회계",,"관세","관세","관세","8707800000","8707800000"
"2016","기획재정부","일반회계",,"교육세","교육세","교육세","4978000000","4973800000"
"2016","기획재정부","일반회계",,"교통·에너지·환경세","교통·에너지·환경세","교통·에너지·환경세","14161200000","14161200000"
"2016","기획재정부","일반회계",,"내국세","개별소비세","개별소비세","8664400000","8649800000"
"2016","기획재정부","일반회계",,"내국세","기타내국세","과년도수입","3528600000","3507600000"
"2016","기획재정부","일반회계",,"내국세","법인세","법인세","45995800000","45997300000"
"2016","기획재정부","일반회계",,"내국세","부가가치세","부가가치세","58121300000","58092500000"
"2016","기획재정부","일반회계",,"내국세","상속세","상속세","1958200000","1955700000"
"2016","기획재정부","일반회계",,"내국세","상속세","증여세","3274400000","3274400000"
"2016","기획재정부","일반회계",,"내국세","소득세","신고분","22362700000","22422600000"
"2016","기획재정부","일반회계",,"내국세","소득세","원천분","38563200000","38395900000"
"2016","기획재정부","일반회계",,"내국세","인지세","인지세","832700000","813100000"
"2016","기획재정부","일반회계",,"내국세","증권거래세","증권거래세","3795500000","3795500000"
"2016","기획재정부","일반회계",,"재산수입","기타이자수입및재산수입","기타재산수입","2200667000","2200567000"
"2016","기획재정부","일반회계",,"재산수입","정부출자수입","정부출자수입","554135000","554135000"
"2016","기획재정부","일반회계",,"재화및용역판매수입","잡수입","기타잡수입","6000","6000"
"2016","기획재정부","일반회계",,"정부내부수입및기타","예수금","기금예수금","40886895000","41420336000"
"2016","기획재정부","일반회계",,"정부내부수입및기타","예탁원금회수","기금예탁원금회수","102523000","102523000"
"2016","기획재정부","일반회계",,"정부내부수입및기타","전입금","기금전입금","320000000","320000000"
"2016","기획재정부","일반회계",,"종합부동산세","종합부동산세","종합부동산세","1277600000","1277600000"
"2016","기획재정부","일반회계",,"차입금및여유자금회수","유가증권매각대","기타유가증권매각대","54917000","54917000"
"2016","기획재정부","지역발전특별회계","경제발전계정","내국세","주세","기타주세","4144000","4144000"
"2016","기획재정부","지역발전특별회계","경제발전계정","내국세","주세","주세","1971416000","1971116000"
"2016","기획재정부","지역발전특별회계","생활기반계정","내국세","주세","기타주세","2763000","2763000"
"2016","기획재정부","지역발전특별회계","생활기반계정","내국세","주세","주세","1314277000","1314077000"
"2016","기획재정부","지역발전특별회계","생활기반계정","정부내부수입및기타","전입금","기금전입금","76930000","77430000"
"2016","기획재정부","지역발전특별회계","제주특별자치도계정","정부내부수입및기타","전입금","기금전입금","4210000","4210000"
"2016","농림축산식품부","농어촌구조개선특별회계","구조개선사업계정","경상이전수입","기타경상이전수입","기타경상이전수입","53011000","53011000"
"2016","농림축산식품부","농어촌구조개선특별회계","구조개선사업계정","경상이전수입","기타경상이전수입","법정부담금","1388000","1388000"
"2016","농림축산식품부","농어촌구조개선특별회계","구조개선사업계정","경상이전수입","변상금및위약금","위약금","85000","85000"
"2016","농림축산식품부","농어촌구조개선특별회계","구조개선사업계정","관유물매각대","재고자산매각대및유동자산","재고자산매각대","19000","19000"
"2016","농림축산식품부","농어촌구조개선특별회계","구조개선사업계정","융자및전대차관원금회수","융자원금회수","기타민간융자원금회수","216727000","216727000"
"2016","농림축산식품부","농어촌구조개선특별회계","구조개선사업계정","재산수입","기타이자수입및재산수입","기타민간이자수입","9733000","9733000"
"2016","농림축산식품부","농어촌구조개선특별회계","구조개선사업계정","재산수입","기타이자수입및재산수입","기타재산수입","6137000","6137000"
"2016","농림축산식품부","농어촌구조개선특별회계","구조개선사업계정","재화및용역판매수입","면허료및수수료","면허료및수수료","1348000","1348000"
"2016","농림축산식품부","농어촌구조개선특별회계","구조개선사업계정","재화및용역판매수입","잡수입","기타잡수입","25000","25000"
"2016","농림축산식품부","농어촌구조개선특별회계","구조개선사업계정","전년도이월금","전년도이월금","전년도이월금","28040000","28040000"
"2016","농림축산식품부","농어촌구조개선특별회계","농어촌특별세사업계정","경상이전수입","기타경상이전수입","기타경상이전수입","344430000","344430000"
"2016","농림축산식품부","농어촌구조개선특별회계","농어촌특별세사업계정","농어촌특별세","농어촌특별세","농어촌특별세","3624300000","3620300000"
"2016","농림축산식품부","농어촌구조개선특별회계","농어촌특별세사업계정","융자및전대차관원금회수","융자원금회수","기타민간융자원금회수","6048000","6048000"
"2016","농림축산식품부","농어촌구조개선특별회계","농어촌특별세사업계정","재산수입","기타이자수입및재산수입","기타민간이자수입","2276000","2276000"
"2016","농림축산식품부","농어촌구조개선특별회계","농어촌특별세사업계정","재산수입","기타이자수입및재산수입","기타재산수입","6179000","6179000"
"2016","농림축산식품부","농어촌구조개선특별회계","농어촌특별세사업계정","재화및용역판매수입","잡수입","기타잡수입","1162000","1162000"
"2016","농림축산식품부","농어촌구조개선특별회계","농어촌특별세사업계정","전년도이월금","전년도이월금","전년도이월금","444286000","444286000"
"2016","농림축산식품부","양곡관리특별회계","손익계정","기업특별회계영업수입","양곡사업수입","미곡판매수입","659685000","659685000"
"2016","농림축산식품부","양곡관리특별회계","손익계정","기업특별회계영업수입","양곡사업수입","부산물기타판매수입료","4389000","4389000"
"2016","농림축산식품부","양곡관리특별회계","손익계정","재화및용역판매수입","잡수입","기타잡수입","9754000","9754000"
"2016","농림축산식품부","에너지및자원사업특별회계","융자계정","융자및전대차관원금회수","융자원금회수","기타민간융자원금회수","25340000","25340000"
"2016","농림축산식품부","에너지및자원사업특별회계","융자계정","재산수입","기타이자수입및재산수입","기타민간이자수입","596000","596000"
"2016","농림축산식품부","에너지및자원사업특별회계","투자계정","경상이전수입","기타경상이전수입","기타경상이전수입","19866000","19866000"
"2016","농림축산식품부","일반회계",,"경상이전수입","가산금","가산금","58000","58000"
"2016","농림축산식품부","일반회계",,"경상이전수입","기타경상이전수입","기타경상이전수입","5261000","5261000"
"2016","농림축산식품부","일반회계",,"경상이전수입","벌금,몰수금및과태료","과태료","1357000","1357000"
"2016","농림축산식품부","일반회계",,"경상이전수입","벌금,몰수금및과태료","벌금및과료","18000","18000"
"2016","농림축산식품부","일반회계",,"경상이전수입","변상금및위약금","변상금","672000","672000"
"2016","농림축산식품부","일반회계",,"경상이전수입","변상금및위약금","위약금","206000","206000"
"2016","농림축산식품부","일반회계",,"관유물매각대","고정자산매각대","기타고정자산매각대","59000","59000"
"2016","농림축산식품부","일반회계",,"관유물매각대","재고자산매각대및유동자산","유동자산매각대","6000","6000"
"2016","농림축산식품부","일반회계",,"관유물매각대","재고자산매각대및유동자산","재고자산매각대","67000","67000"
"2016","농림축산식품부","일반회계",,"관유물매각대","토지및무형자산매각대","토지매각대","218000","218000"
"2016","농림축산식품부","일반회계",,"수입대체경비수입","잡수입","기타잡수입","763000","763000"
"2016","농림축산식품부","일반회계",,"재산수입","관유물대여료","건물대여료","96000","96000"
"2016","농림축산식품부","일반회계",,"재산수입","관유물대여료","기타관유물대여료","10000","10000"
"2016","농림축산식품부","일반회계",,"재산수입","관유물대여료","토지대여료","508000","508000"
"2016","농림축산식품부","일반회계",,"재산수입","기타이자수입및재산수입","기타재산수입","268000","268000"
"2016","농림축산식품부","일반회계",,"재화및용역판매수입","면허료및수수료","면허료및수수료","2000000","2000000"
"2016","농림축산식품부","일반회계",,"재화및용역판매수입","실습수입","실습수입","10000","10000"
"2016","농림축산식품부","일반회계",,"재화및용역판매수입","입학금및수업료","수업료","27000","27000"
"2016","농림축산식품부","일반회계",,"재화및용역판매수입","잡수입","기타잡수입","135000","135000"
"2016","농림축산식품부","지역발전특별회계","경제발전계정","경상이전수입","기타경상이전수입","기타경상이전수입","9827000","9827000"
"2016","농림축산식품부","지역발전특별회계","경제발전계정","재산수입","기타이자수입및재산수입","기타재산수입","146000","146000"
"2016","농림축산식품부","지역발전특별회계","생활기반계정","경상이전수입","기타경상이전수입","기타경상이전수입","9202000","9202000"
"2016","농림축산식품부","지역발전특별회계","생활기반계정","재산수입","기타이자수입및재산수입","기타재산수입","120000","120000"
"2016","농림축산식품부","지역발전특별회계","제주특별자치도계정","경상이전수입","기타경상이전수입","기타경상이전수입","500000","500000"
"2016","농림축산식품부","혁신도시건설특별회계",,"관유물매각대","고정자산매각대","건물매각대","8238000","8238000"
"2016","농림축산식품부","혁신도시건설특별회계",,"관유물매각대","고정자산매각대","기타고정자산매각대","247000","247000"
"2016","농림축산식품부","혁신도시건설특별회계",,"관유물매각대","토지및무형자산매각대","토지매각대","615000","615000"
"2016","농촌진흥청","농어촌구조개선특별회계","구조개선사업계정","경상이전수입","기타경상이전수입","기타경상이전수입","500000","500000"
"2016","농촌진흥청","농어촌구조개선특별회계","구조개선사업계정","재산수입","기타이자수입및재산수입","기타재산수입","140000","140000"
"2016","농촌진흥청","일반회계",,"경상이전수입","기타경상이전수입","기타경상이전수입","4628000","4628000"
"2016","농촌진흥청","일반회계",,"경상이전수입","변상금및위약금","위약금","139000","139000"
"2016","농촌진흥청","일반회계",,"관유물매각대","고정자산매각대","기타고정자산매각대","84000","84000"
"2016","농촌진흥청","일반회계",,"관유물매각대","재고자산매각대및유동자산","유동자산매각대","1000","1000"
"2016","농촌진흥청","일반회계",,"수입대체경비수입","면허료및수수료","면허료및수수료","50000","50000"
"2016","농촌진흥청","일반회계",,"수입대체경비수입","잡수입","기타잡수입","33000","33000"
"2016","농촌진흥청","일반회계",,"재산수입","관유물대여료","토지대여료","8000","8000"
"2016","농촌진흥청","일반회계",,"재산수입","기타이자수입및재산수입","기타재산수입","630000","630000"
"2016","농촌진흥청","일반회계",,"재화및용역판매수입","면허료및수수료","면허료및수수료","17000","17000"
"2016","농촌진흥청","일반회계",,"재화및용역판매수입","실습수입","실습수입","3657000","3657000"
"2016","농촌진흥청","일반회계",,"재화및용역판매수입","잡수입","기타잡수입","134000","134000"
"2016","농촌진흥청","혁신도시건설특별회계",,"관유물매각대","토지및무형자산매각대","입목죽매각대","105000","105000"
"2016","농촌진흥청","혁신도시건설특별회계",,"관유물매각대","토지및무형자산매각대","토지매각대","10600000","10600000"
"2016","농촌진흥청","혁신도시건설특별회계",,"재산수입","관유물대여료","건물대여료","331000","331000"
"2016","대법원","등기특별회계",,"경상이전수입","기타경상이전수입","기타경상이전수입","53000","53000"
"2016","대법원","등기특별회계",,"관유물매각대","고정자산매각대","건물매각대","407000","407000"
"2016","대법원","등기특별회계",,"관유물매각대","고정자산매각대","기타고정자산매각대","36000","36000"
"2016","대법원","등기특별회계",,"관유물매각대","토지및무형자산매각대","토지매각대","12108000","12108000"
"2016","대법원","등기특별회계",,"재산수입","관유물대여료","건물대여료","71000","71000"
"2016","대법원","등기특별회계",,"재산수입","관유물대여료","토지대여료","29000","29000"
"2016","대법원","등기특별회계",,"재산수입","기타이자수입및재산수입","기타재산수입","148000","148000"
"2016","대법원","등기특별회계",,"재화및용역판매수입","면허료및수수료","면허료및수수료","291040000","291040000"
"2016","대법원","등기특별회계",,"재화및용역판매수입","잡수입","기타잡수입","3000","3000"
"2016","대법원","등기특별회계",,"전년도이월금","전년도이월금","전년도이월금","18976333","18976333"
"2016","대법원","일반회계",,"경상이전수입","기타경상이전수입","기타경상이전수입","118705000","118705000"
"2016","대법원","일반회계",,"경상이전수입","벌금,몰수금및과태료","몰수금및추징금","100000","100000"
"2016","대법원","일반회계",,"경상이전수입","변상금및위약금","변상금","235000","235000"
"2016","대법원","일반회계",,"재산수입","관유물대여료","건물대여료","2280000","2280000"
"2016","대법원","일반회계",,"재산수입","관유물대여료","토지대여료","791000","791000"
"2016","대법원","일반회계",,"재산수입","기타이자수입및재산수입","기타재산수입","40000","40000"
"2016","대법원","일반회계",,"재화및용역판매수입","면허료및수수료","면허료및수수료","350000000","350000000"
"2016","대법원","일반회계",,"재화및용역판매수입","잡수입","기타잡수입","146000","146000"
"2016","대통령경호실","일반회계",,"재산수입","관유물대여료","건물대여료","44000","44000"
"2016","대통령경호실","일반회계",,"재산수입","관유물대여료","토지대여료","16000","16000"
"2016","대통령경호실","일반회계",,"재화및용역판매수입","면허료및수수료","면허료및수수료","2000","2000"
"2016","대통령경호실","일반회계",,"재화및용역판매수입","잡수입","기타잡수입","31000","31000"
"2016","대통령비서실 및 국가안보실","일반회계",,"경상이전수입","기타경상이전수입","기타경상이전수입","21000","21000"
"2016","대통령비서실 및 국가안보실","일반회계",,"재산수입","관유물대여료","건물대여료","43000","43000"
"2016","대통령비서실 및 국가안보실","일반회계",,"재산수입","기타이자수입및재산수입","기타재산수입","1000","1000"
"2016","대통령비서실 및 국가안보실","일반회계",,"재화및용역판매수입","잡수입","기타잡수입","10000","10000"
"2016","문화재청","일반회계",,"경상이전수입","기타경상이전수입","기타경상이전수입","17619000","17619000"
"2016","문화재청","일반회계",,"경상이전수입","변상금및위약금","변상금","3506000","3506000"
"2016","문화재청","일반회계",,"경상이전수입","변상금및위약금","위약금","36000","36000"
"2016","문화재청","일반회계",,"수입대체경비수입","입장료수입","입장료수입","15017000","15017000"
"2016","문화재청","일반회계",,"수입대체경비수입","잡수입","기타잡수입","64000","64000"
"2016","문화재청","일반회계",,"재산수입","관유물대여료","건물대여료","920000","920000"
"2016","문화재청","일반회계",,"재산수입","관유물대여료","토지대여료","1365000","1365000"
"2016","문화재청","일반회계",,"재산수입","기타이자수입및재산수입","기타재산수입","550000","550000"
"2016","문화재청","일반회계",,"재화및용역판매수입","잡수입","기타잡수입","50000","50000"
"2016","문화체육관광부","아시아문화중심도시조성특별회계",,"경상이전수입","기타경상이전수입","기타경상이전수입","490000","490000"
"2016","문화체육관광부","아시아문화중심도시조성특별회계",,"재산수입","기타이자수입및재산수입","기타재산수입","150000","150000"
"2016","문화체육관광부","아시아문화중심도시조성특별회계",,"전년도이월금","전년도이월금","전년도이월금","4327828","4327828"
"2016","문화체육관광부","일반회계",,"경상이전수입","기타경상이전수입","기타경상이전수입","25297000","25297000"
"2016","문화체육관광부","일반회계",,"경상이전수입","벌금,몰수금및과태료","과태료","282000","282000"
"2016","문화체육관광부","일반회계",,"경상이전수입","벌금,몰수금및과태료","벌금및과료","10000","10000"
"2016","문화체육관광부","일반회계",,"수입대체경비수입","관유물대여료","건물대여료","399000","399000"
"2016","문화체육관광부","일반회계",,"수입대체경비수입","관유물대여료","기타관유물대여료","499000","499000"
"2016","문화체육관광부","일반회계",,"수입대체경비수입","입장료수입","입장료수입","1340000","1340000"
"2016","문화체육관광부","일반회계",,"수입대체경비수입","잡수입","기타잡수입","622000","622000"
"2016","문화체육관광부","일반회계",,"재산수입","관유물대여료","건물대여료","2771000","2771000"
"2016","문화체육관광부","일반회계",,"재산수입","관유물대여료","기타관유물대여료","271000","271000"
"2016","문화체육관광부","일반회계",,"재산수입","관유물대여료","토지대여료","811000","811000"
"2016","문화체육관광부","일반회계",,"재산수입","기타이자수입및재산수입","기타재산수입","2964000","2964000"
"2016","문화체육관광부","일반회계",,"재화및용역판매수입","면허료및수수료","면허료및수수료","71000","71000"
"2016","문화체육관광부","일반회계",,"재화및용역판매수입","입장료수입","입장료수입","1219000","1219000"
"2016","문화체육관광부","일반회계",,"재화및용역판매수입","잡수입","기타잡수입","6724000","6724000"
"2016","문화체육관광부","지역발전특별회계","경제발전계정","경상이전수입","기타경상이전수입","기타경상이전수입","6300000","6300000"
"2016","문화체육관광부","지역발전특별회계","생활기반계정","경상이전수입","기타경상이전수입","기타경상이전수입","4136000","4136000"
"2016","미래창조과학부","국립과천과학관","손익계정","기업특별회계영업수입","책임운영기관사업수입","책임운영기관사업수입","5400000","5400000"
"2016","미래창조과학부","국립과천과학관","손익계정","재산수입","관유물대여료","건물대여료","1212000","1212000"
"2016","미래창조과학부","국립과천과학관","손익계정","재산수입","기타이자수입및재산수입","기타재산수입","1000","1000"
"2016","미래창조과학부","국립과천과학관","손익계정","재화및용역판매수입","잡수입","기타잡수입","75000","75000"
"2016","미래창조과학부","국립과천과학관","손익계정","전년도이월금","전년도이월금","전년도이월금","1610406","1610406"
"2016","미래창조과학부","국립과천과학관","자본계정","전년도이월금","전년도이월금","전년도이월금","33000","33000"
"2016","미래창조과학부","국립중앙과학관","손익계정","기업특별회계영업수입","책임운영기관사업수입","책임운영기관사업수입","999000","999000"
"2016","미래창조과학부","국립중앙과학관","손익계정","재산수입","관유물대여료","건물대여료","403000","403000"
"2016","미래창조과학부","국립중앙과학관","손익계정","재화및용역판매수입","잡수입","기타잡수입","252000","252000"
"2016","미래창조과학부","국립중앙과학관","손익계정","전년도이월금","전년도이월금","전년도이월금","305197","305197"
"2016","미래창조과학부","국립중앙과학관","자본계정","관유물매각대","고정자산매각대","기타고정자산매각대","2000","2000"
"2016","미래창조과학부","국립중앙과학관","자본계정","재화및용역판매수입","잡수입","기타잡수입","10000","10000"
"2016","미래창조과학부","국립중앙과학관","자본계정","전년도이월금","전년도이월금","전년도이월금","213000","213000"
"2016","미래창조과학부","우체국보험특별회계",,"재화및용역판매수입","잡수입","기타잡수입","400000","400000"
"2016","미래창조과학부","우체국보험특별회계",,"재화및용역판매수입","잡수입","부가보험료","908339000","908339000"
"2016","미래창조과학부","우체국보험특별회계",,"정부내부수입및기타","예탁이자수입","기금예탁이자수입","9803000","6499000"
"2016","미래창조과학부","우체국예금특별회계","손익계정","기업특별회계영업수입","우정사업수입","금융영업수입","3026100000","3026100000"
"2016","미래창조과학부","우체국예금특별회계","손익계정","재화및용역판매수입","잡수입","기타영업외잡수익","936000","936000"
"2016","미래창조과학부","우체국예금특별회계","손익계정","전년도이월금","전년도이월금","전년도이월금","507283000","507283000"
"2016","미래창조과학부","우체국예금특별회계","손익계정","정부내부수입및기타","예탁원금회수","기금예탁원금회수","128173000","128173000"
"2016","미래창조과학부","우체국예금특별회계","손익계정","정부내부수입및기타","예탁이자수입","기금예탁이자수입","17136000","12188000"
"2016","미래창조과학부","우체국예금특별회계","자본계정","관유물매각대","고정자산매각대","기타고정자산매각대","10000","10000"
"2016","미래창조과학부","우체국예금특별회계","자본계정","관유물매각대","재고자산매각대및유동자산","유동자산매각대","30000","30000"
"2016","미래창조과학부","우체국예금특별회계","자본계정","전년도이월금","전년도이월금","전년도이월금","462000","462000"
"2016","미래창조과학부","우편사업특별회계","손익계정","기업특별회계영업수입","우정사업수입","우편사업수입","3049030000","3049030000"
"2016","미래창조과학부","우편사업특별회계","손익계정","재산수입","관유물대여료","건물대여료","29074000","29074000"
"2016","미래창조과학부","우편사업특별회계","손익계정","재산수입","관유물대여료","토지대여료","1475000","1475000"
"2016","미래창조과학부","우편사업특별회계","손익계정","재화및용역판매수입","잡수입","기타영업외잡수익","9380000","9380000"
"2016","미래창조과학부","우편사업특별회계","손익계정","전년도이월금","전년도이월금","전년도이월금","75790152","75790152"
"2016","미래창조과학부","우편사업특별회계","손익계정","정부내부수입및기타","예탁원금회수","기금예탁원금회수","83241000","83241000"
"2016","미래창조과학부","우편사업특별회계","손익계정","정부내부수입및기타","예탁이자수입","기금예탁이자수입","9492000","7094000"
"2016","미래창조과학부","우편사업특별회계","자본계정","관유물매각대","고정자산매각대","건물매각대","398000","398000"
"2016","미래창조과학부","우편사업특별회계","자본계정","관유물매각대","고정자산매각대","기계기구매각대","1894000","1894000"
"2016","미래창조과학부","우편사업특별회계","자본계정","관유물매각대","고정자산매각대","기타고정자산매각대","56000","56000"
"2016","미래창조과학부","우편사업특별회계","자본계정","관유물매각대","재고자산매각대및유동자산","유동자산매각대","381000","381000"
"2016","미래창조과학부","우편사업특별회계","자본계정","관유물매각대","토지및무형자산매각대","기타토지및무형자산매각대","2809000","2809000"
"2016","미래창조과학부","우편사업특별회계","자본계정","관유물매각대","토지및무형자산매각대","토지매각대","38689000","38689000"
"2016","미래창조과학부","일반회계",,"경상이전수입","가산금","가산금","17000","17000"
"2016","미래창조과학부","일반회계",,"경상이전수입","기타경상이전수입","기타경상이전수입","34550000","34550000"
"2016","미래창조과학부","일반회계",,"경상이전수입","벌금,몰수금및과태료","과태료","4604000","4604000"
"2016","미래창조과학부","일반회계",,"경상이전수입","벌금,몰수금및과태료","벌금및과료","48000","48000"
"2016","미래창조과학부","일반회계",,"관유물매각대","고정자산매각대","기계기구매각대","20000","20000"
"2016","미래창조과학부","일반회계",,"재산수입","관유물대여료","건물대여료","2000","2000"
"2016","미래창조과학부","일반회계",,"재산수입","관유물대여료","토지대여료","18000","18000"
"2016","미래창조과학부","일반회계",,"재산수입","기타이자수입및재산수입","기타재산수입","1800000","1800000"
"2016","미래창조과학부","일반회계",,"재화및용역판매수입","면허료및수수료","면허료및수수료","277208000","277208000"
"2016","미래창조과학부","일반회계",,"재화및용역판매수입","잡수입","기타잡수입","149000","149000"
"2016","미래창조과학부","지역발전특별회계","경제발전계정","경상이전수입","기타경상이전수입","기타경상이전수입","2693000","2693000"
"2016","미래창조과학부","혁신도시건설특별회계",,"관유물매각대","고정자산매각대","건물매각대","2216000","2216000"
"2016","미래창조과학부","혁신도시건설특별회계",,"관유물매각대","토지및무형자산매각대","입목죽매각대","22000","22000"
"2016","미래창조과학부","혁신도시건설특별회계",,"관유물매각대","토지및무형자산매각대","토지매각대","78372000","78372000"
"2016","민주평화통일자문회의","일반회계",,"경상이전수입","기타경상이전수입","기타경상이전수입","1000","1000"
"2016","민주평화통일자문회의","일반회계",,"재산수입","관유물대여료","건물대여료","1000","1000"
"2016","민주평화통일자문회의","일반회계",,"재산수입","기타이자수입및재산수입","기타재산수입","4000","4000"
"2016","방송통신위원회","일반회계",,"경상이전수입","가산금","가산금","1000","1000"
"2016","방송통신위원회","일반회계",,"경상이전수입","기타경상이전수입","기타경상이전수입","390000","390000"
"2016","방송통신위원회","일반회계",,"경상이전수입","벌금,몰수금및과태료","과징금","55515000","55515000"
"2016","방송통신위원회","일반회계",,"경상이전수입","벌금,몰수금및과태료","과태료","328000","328000"
"2016","방송통신위원회","일반회계",,"관유물매각대","고정자산매각대","기타고정자산매각대","5000","5000"
"2016","방송통신위원회","일반회계",,"재화및용역판매수입","면허료및수수료","면허료및수수료","15000","15000"
"2016","방송통신위원회","일반회계",,"재화및용역판매수입","잡수입","기타잡수입","2000","2000"
"2016","방위사업청","일반회계",,"경상이전수입","기타경상이전수입","기타경상이전수입","130610000","130610000"
"2016","방위사업청","일반회계",,"경상이전수입","변상금및위약금","변상금","24000","24000"
"2016","방위사업청","일반회계",,"경상이전수입","변상금및위약금","위약금","74222000","74222000"
"2016","방위사업청","일반회계",,"재산수입","관유물대여료","건물대여료","53000","53000"
"2016","방위사업청","일반회계",,"재산수입","관유물대여료","기타관유물대여료","470000","470000"
"2016","방위사업청","일반회계",,"재산수입","기타이자수입및재산수입","기타재산수입","6381000","6381000"
"2016","방위사업청","일반회계",,"재화및용역판매수입","면허료및수수료","면허료및수수료","75000","75000"
"2016","방위사업청","일반회계",,"재화및용역판매수입","잡수입","기타잡수입","39000","39000"
"2016","법무부","교도작업특별회계",,"재화및용역판매수입","교도소수입","교도소수입","54961000","59601000"
"2016","법무부","교도작업특별회계",,"재화및용역판매수입","잡수입","기타잡수입","318000","318000"
"2016","법무부","교도작업특별회계",,"전년도이월금","전년도이월금","전년도이월금","17077000","17077000"
"2016","법무부","교도작업특별회계",,"정부내부수입및기타","예탁원금회수","기금예탁원금회수","9770000","9770000"
"2016","법무부","교도작업특별회계",,"정부내부수입및기타","예탁이자수입","기금예탁이자수입","638000","540000"
"2016","법무부","일반회계",,"경상이전수입","가산금","가산금","12000","12000"
"2016","법무부","일반회계",,"경상이전수입","기타경상이전수입","기타경상이전수입","7980000","7980000"
"2016","법무부","일반회계",,"경상이전수입","벌금,몰수금및과태료","과태료","12167000","12167000"
"2016","법무부","일반회계",,"경상이전수입","벌금,몰수금및과태료","몰수금및추징금","168839000","168839000"
"2016","법무부","일반회계",,"경상이전수입","벌금,몰수금및과태료","벌금및과료","1590000000","1590000000"
"2016","법무부","일반회계",,"경상이전수입","벌금,몰수금및과태료","징계부과금","283000","283000"
"2016","법무부","일반회계",,"경상이전수입","변상금및위약금","변상금","72000","72000"
"2016","법무부","일반회계",,"경상이전수입","변상금및위약금","위약금","687000","687000"
"2016","법무부","일반회계",,"관유물매각대","고정자산매각대","기계기구매각대","22000","22000"
"2016","법무부","일반회계",,"관유물매각대","고정자산매각대","기타고정자산매각대","716000","716000"
"2016","법무부","일반회계",,"수입대체경비수입","면허료및수수료","면허료및수수료","15459000","15459000"
"2016","법무부","일반회계",,"수입대체경비수입","잡수입","기타잡수입","526000","526000"
"2016","법무부","일반회계",,"재산수입","관유물대여료","건물대여료","349000","349000"
"2016","법무부","일반회계",,"재산수입","관유물대여료","토지대여료","1277000","1277000"
"2016","법무부","일반회계",,"재산수입","기타이자수입및재산수입","기타재산수입","339000","339000"
"2016","법무부","일반회계",,"재화및용역판매수입","면허료및수수료","면허료및수수료","1298000","1298000"
"2016","법무부","일반회계",,"재화및용역판매수입","잡수입","기타잡수입","1429000","1429000"
"2016","병무청","일반회계",,"경상이전수입","기타경상이전수입","기타경상이전수입","75000","75000"
"2016","병무청","일반회계",,"경상이전수입","벌금,몰수금및과태료","과태료","20000","20000"
"2016","병무청","일반회계",,"경상이전수입","변상금및위약금","위약금","11000","11000"
"2016","병무청","일반회계",,"관유물매각대","고정자산매각대","기타고정자산매각대","34000","3000"
"2016","병무청","일반회계",,"재산수입","관유물대여료","건물대여료","64000","64000"
"2016","병무청","일반회계",,"재산수입","관유물대여료","기타관유물대여료","15000","15000"
"2016","병무청","일반회계",,"재산수입","관유물대여료","토지대여료","2000","2000"
"2016","병무청","일반회계",,"재화및용역판매수입","잡수입","기타잡수입","3000","3000"
"2016","보건복지부","국립공주병원","손익계정","경상이전수입","기타경상이전수입","기타경상이전수입","6000","6000"
"2016","보건복지부","국립공주병원","손익계정","기업특별회계영업수입","책임운영기관사업수입","책임운영기관사업수입","4687615","4687615"
"2016","보건복지부","국립공주병원","손익계정","수입대체경비수입","잡수입","기타잡수입","69000","69000"
"2016","보건복지부","국립공주병원","손익계정","재산수입","관유물대여료","건물대여료","29000","29000"
"2016","보건복지부","국립나주병원","손익계정","관유물매각대","고정자산매각대","기타고정자산매각대","2000","2000"
"2016","보건복지부","국립나주병원","손익계정","기업특별회계영업수입","책임운영기관사업수입","책임운영기관사업수입","7220910","7220910"
"2016","보건복지부","국립나주병원","손익계정","수입대체경비수입","잡수입","기타잡수입","15000","15000"
"2016","보건복지부","국립나주병원","손익계정","재산수입","관유물대여료","건물대여료","1000","1000"
"2016","보건복지부","국립나주병원","손익계정","재산수입","기타이자수입및재산수입","기타재산수입","1000","1000"
"2016","보건복지부","국립나주병원","손익계정","재화및용역판매수입","면허료및수수료","면허료및수수료","1000","1000"
"2016","보건복지부","국립나주병원","손익계정","재화및용역판매수입","잡수입","기타잡수입","15000","15000"
"2016","보건복지부","국립마산병원","손익계정","기업특별회계영업수입","책임운영기관사업수입","책임운영기관사업수입","2863559","2863559"
"2016","보건복지부","국립마산병원","손익계정","수입대체경비수입","잡수입","기타잡수입","10000","10000"
"2016","보건복지부","국립마산병원","손익계정","재산수입","관유물대여료","건물대여료","4000","4000"
"2016","보건복지부","국립마산병원","손익계정","재산수입","관유물대여료","토지대여료","44000","44000"
"2016","보건복지부","국립마산병원","손익계정","재산수입","기타이자수입및재산수입","기타재산수입","1000","1000"
"2016","보건복지부","국립마산병원","손익계정","재화및용역판매수입","면허료및수수료","면허료및수수료","3000","3000"
"2016","보건복지부","국립마산병원","손익계정","재화및용역판매수입","잡수입","기타잡수입","1000","1000"
"2016","보건복지부","국립마산병원","자본계정","전년도이월금","전년도이월금","전년도이월금","6000","6000"
"2016","보건복지부","국립목포병원","손익계정","경상이전수입","기타경상이전수입","기타경상이전수입","2000","2000"
"2016","보건복지부","국립목포병원","손익계정","관유물매각대","고정자산매각대","기타고정자산매각대","3000","3000"
"2016","보건복지부","국립목포병원","손익계정","기업특별회계영업수입","책임운영기관사업수입","책임운영기관사업수입","2720765","2720765"
"2016","보건복지부","국립목포병원","손익계정","수입대체경비수입","잡수입","기타잡수입","65000","65000"
"2016","보건복지부","국립목포병원","손익계정","재산수입","관유물대여료","건물대여료","2000","2000"
"2016","보건복지부","국립목포병원","손익계정","재화및용역판매수입","잡수입","기타잡수입","1000","1000"
"2016","보건복지부","국립목포병원","손익계정","전년도이월금","전년도이월금","전년도이월금","371000","371000"
"2016","보건복지부","국립목포병원","자본계정","전년도이월금","전년도이월금","전년도이월금","123000","123000"
"2016","보건복지부","국립부곡병원","손익계정","경상이전수입","기타경상이전수입","기타경상이전수입","2000","2000"
"2016","보건복지부","국립부곡병원","손익계정","관유물매각대","고정자산매각대","기타고정자산매각대","3000","3000"
"2016","보건복지부","국립부곡병원","손익계정","기업특별회계영업수입","책임운영기관사업수입","책임운영기관사업수입","6177222","6177222"
"2016","보건복지부","국립부곡병원","손익계정","수입대체경비수입","잡수입","기타잡수입","43000","43000"
"2016","보건복지부","국립부곡병원","손익계정","재산수입","관유물대여료","건물대여료","1000","1000"
"2016","보건복지부","국립부곡병원","손익계정","재산수입","기타이자수입및재산수입","기타재산수입","2000","2000"
"2016","보건복지부","국립부곡병원","손익계정","재화및용역판매수입","잡수입","기타잡수입","5000","5000"
"2016","보건복지부","국립서울병원","손익계정","경상이전수입","기타경상이전수입","기타경상이전수입","1000","1000"
"2016","보건복지부","국립서울병원","손익계정","경상이전수입","변상금및위약금","위약금","3000","3000"
"2016","보건복지부","국립서울병원","손익계정","기업특별회계영업수입","책임운영기관사업수입","책임운영기관사업수입","10951302","10951302"
"2016","보건복지부","국립서울병원","손익계정","수입대체경비수입","잡수입","기타잡수입","67000","67000"
"2016","보건복지부","국립서울병원","손익계정","재산수입","관유물대여료","건물대여료","4000","4000"
"2016","보건복지부","국립서울병원","손익계정","재산수입","관유물대여료","토지대여료","56000","56000"
"2016","보건복지부","국립서울병원","손익계정","재산수입","기타이자수입및재산수입","기타재산수입","3000","3000"
"2016","보건복지부","국립서울병원","손익계정","재화및용역판매수입","면허료및수수료","면허료및수수료","3000","3000"
"2016","보건복지부","국립서울병원","손익계정","재화및용역판매수입","잡수입","기타잡수입","20000","20000"
"2016","보건복지부","국립서울병원","손익계정","전년도이월금","전년도이월금","전년도이월금","1045000","1045000"
"2016","보건복지부","국립서울병원","자본계정","전년도이월금","전년도이월금","전년도이월금","2043000","2043000"
"2016","보건복지부","국립재활원","손익계정","기업특별회계영업수입","책임운영기관사업수입","책임운영기관사업수입","12479700","12479700"
"2016","보건복지부","국립재활원","손익계정","수입대체경비수입","잡수입","기타잡수입","441000","441000"
"2016","보건복지부","국립재활원","손익계정","재산수입","관유물대여료","건물대여료","59000","59000"
"2016","보건복지부","국립재활원","손익계정","재산수입","기타이자수입및재산수입","기타재산수입","6000","6000"
"2016","보건복지부","국립재활원","손익계정","재화및용역판매수입","잡수입","기타영업외잡수익","30000","30000"
"2016","보건복지부","국립재활원","손익계정","전년도이월금","전년도이월금","전년도이월금","1115000","1115000"
"2016","보건복지부","국립재활원","자본계정","전년도이월금","전년도이월금","전년도이월금","765000","765000"
"2016","보건복지부","국립춘천병원","손익계정","기업특별회계영업수입","책임운영기관사업수입","책임운영기관사업수입","4849608","4849608"
"2016","보건복지부","국립춘천병원","손익계정","수입대체경비수입","잡수입","기타잡수입","22000","22000"
"2016","보건복지부","국립춘천병원","손익계정","재산수입","관유물대여료","건물대여료","2000","2000"
"2016","보건복지부","국립춘천병원","손익계정","재산수입","관유물대여료","토지대여료","2000","2000"
"2016","보건복지부","국립춘천병원","손익계정","재산수입","기타이자수입및재산수입","기타재산수입","1000","1000"
"2016","보건복지부","국립춘천병원","손익계정","재화및용역판매수입","잡수입","기타영업외잡수익","1000","1000"
"2016","보건복지부","국립춘천병원","손익계정","재화및용역판매수입","잡수입","기타잡수입","2000","2000"
"2016","보건복지부","국립춘천병원","손익계정","전년도이월금","전년도이월금","전년도이월금","269000","269000"
"2016","보건복지부","국립춘천병원","자본계정","전년도이월금","전년도이월금","전년도이월금","55000","55000"
"2016","보건복지부","일반회계",,"경상이전수입","기타경상이전수입","기타경상이전수입","325084000","325084000"
"2016","보건복지부","일반회계",,"경상이전수입","벌금,몰수금및과태료","과징금","18525000","18525000"
"2016","보건복지부","일반회계",,"경상이전수입","벌금,몰수금및과태료","과태료","221000","221000"
"2016","보건복지부","일반회계",,"경상이전수입","변상금및위약금","위약금","100000","100000"
"2016","보건복지부","일반회계",,"수입대체경비수입","잡수입","기타잡수입","897000","897000"
"2016","보건복지부","일반회계",,"융자및전대차관원금회수","전대차관원금회수","기타민간전대차관원금회수","2154000","2154000"
"2016","보건복지부","일반회계",,"재산수입","관유물대여료","건물대여료","153000","153000"
"2016","보건복지부","일반회계",,"재산수입","관유물대여료","토지대여료","5000","5000"
"2016","보건복지부","일반회계",,"재산수입","기타이자수입및재산수입","기타민간이자수입","766000","766000"
"2016","보건복지부","일반회계",,"재산수입","기타이자수입및재산수입","기타재산수입","9545000","9545000"
"2016","보건복지부","일반회계",,"재산수입","전대차관이자수입","기타민간전대차관이자수입","304000","304000"
"2016","보건복지부","일반회계",,"재화및용역판매수입","면허료및수수료","면허료및수수료","363000","363000"
"2016","보건복지부","일반회계",,"재화및용역판매수입","잡수입","기타잡수입","33000","33000"
"2016","산림청","국립자연휴양림관리소","손익계정","경상이전수입","기타경상이전수입","기타경상이전수입","58000","58000"
"2016","산림청","국립자연휴양림관리소","손익계정","경상이전수입","변상금및위약금","위약금","34000","34000"
"2016","산림청","국립자연휴양림관리소","손익계정","기업특별회계영업수입","책임운영기관사업수입","책임운영기관사업수입","13540989","13540989"
"2016","산림청","국립자연휴양림관리소","손익계정","재산수입","기타이자수입및재산수입","기타재산수입","22000","22000"
"2016","산림청","국립자연휴양림관리소","손익계정","재화및용역판매수입","잡수입","기타잡수입","1000","1000"
"2016","산림청","국립자연휴양림관리소","손익계정","전년도이월금","전년도이월금","전년도이월금","623000","623000"
"2016","산림청","국립자연휴양림관리소","자본계정","관유물매각대","고정자산매각대","기계기구매각대","20000","20000"
"2016","산림청","국립자연휴양림관리소","자본계정","관유물매각대","고정자산매각대","기타고정자산매각대","21000","21000"
"2016","산림청","농어촌구조개선특별회계","임업진흥사업계정","경상이전수입","가산금","가산금","21000","21000"
"2016","산림청","농어촌구조개선특별회계","임업진흥사업계정","경상이전수입","기타경상이전수입","기타경상이전수입","28681000","28681000"
"2016","산림청","농어촌구조개선특별회계","임업진흥사업계정","경상이전수입","기타경상이전수입","법정부담금","101816000","101816000"
"2016","산림청","농어촌구조개선특별회계","임업진흥사업계정","경상이전수입","변상금및위약금","변상금","34000","34000"
"2016","산림청","농어촌구조개선특별회계","임업진흥사업계정","경상이전수입","변상금및위약금","위약금","96000","96000"
"2016","산림청","농어촌구조개선특별회계","임업진흥사업계정","관유물매각대","토지및무형자산매각대","입목죽매각대","37267000","37267000"
"2016","산림청","농어촌구조개선특별회계","임업진흥사업계정","융자및전대차관원금회수","융자원금회수","기타민간융자원금회수","28171000","28171000"
"2016","산림청","농어촌구조개선특별회계","임업진흥사업계정","재산수입","기타이자수입및재산수입","기타민간이자수입","567000","567000"
"2016","산림청","농어촌구조개선특별회계","임업진흥사업계정","재산수입","기타이자수입및재산수입","기타재산수입","100000","100000"
"2016","산림청","일반회계",,"경상이전수입","기타경상이전수입","기타경상이전수입","27229000","27229000"
"2016","산림청","일반회계",,"경상이전수입","벌금,몰수금및과태료","과태료","37000","37000"
"2016","산림청","일반회계",,"경상이전수입","변상금및위약금","변상금","2284000","2284000"
"2016","산림청","일반회계",,"경상이전수입","변상금및위약금","위약금","431000","431000"
"2016","산림청","일반회계",,"관유물매각대","고정자산매각대","기타고정자산매각대","108000","108000"
"2016","산림청","일반회계",,"관유물매각대","토지및무형자산매각대","토지매각대","56519000","56519000"
"2016","산림청","일반회계",,"재산수입","관유물대여료","건물대여료","82000","82000"
"2016","산림청","일반회계",,"재산수입","관유물대여료","토지대여료","12500000","12500000"
"2016","산림청","일반회계",,"재산수입","기타이자수입및재산수입","기타재산수입","96000","96000"
"2016","산림청","일반회계",,"재화및용역판매수입","면허료및수수료","면허료및수수료","36000","36000"
"2016","산림청","일반회계",,"재화및용역판매수입","입장료수입","입장료수입","360000","360000"
"2016","산림청","일반회계",,"재화및용역판매수입","잡수입","기타잡수입","2045000","2045000"
"2016","산업통상자원부","에너지및자원사업특별회계","융자계정","융자및전대차관원금회수","융자원금회수","기타민간융자원금회수","1035776000","1035776000"
"2016","산업통상자원부","에너지및자원사업특별회계","융자계정","재산수입","기타이자수입및재산수입","기타민간이자수입","119993000","119993000"
"2016","산업통상자원부","에너지및자원사업특별회계","투자계정","경상이전수입","가산금","가산금","157000","157000"
"2016","산업통상자원부","에너지및자원사업특별회계","투자계정","경상이전수입","기타경상이전수입","기타경상이전수입","79935000","79935000"
"2016","산업통상자원부","에너지및자원사업특별회계","투자계정","경상이전수입","기타경상이전수입","법정부담금","2664665000","2664665000"
"2016","산업통상자원부","에너지및자원사업특별회계","투자계정","경상이전수입","벌금,몰수금및과태료","과태료","8000","8000"
"2016","산업통상자원부","에너지및자원사업특별회계","투자계정","재산수입","기타이자수입및재산수입","기타재산수입","5887000","5887000"
"2016","산업통상자원부","에너지및자원사업특별회계","투자계정","재산수입","정부출자수입","정부출자수입","29412000","29412000"
"2016","산업통상자원부","에너지및자원사업특별회계","투자계정","전년도이월금","전년도이월금","전년도이월금","159512000","159512000"
"2016","산업통상자원부","에너지및자원사업특별회계","투자계정","정부내부수입및기타","예탁원금회수","기금예탁원금회수","1050000000","1050000000"
"2016","산업통상자원부","에너지및자원사업특별회계","투자계정","정부내부수입및기타","예탁이자수입","기금예탁이자수입","173372000","102286000"
"2016","산업통상자원부","일반회계",,"경상이전수입","기타경상이전수입","기타경상이전수입","110342000","110342000"
"2016","산업통상자원부","일반회계",,"경상이전수입","벌금,몰수금및과태료","과징금","600000","600000"
"2016","산업통상자원부","일반회계",,"경상이전수입","벌금,몰수금및과태료","과태료","145000","145000"
"2016","산업통상자원부","일반회계",,"경상이전수입","변상금및위약금","위약금","10000","10000"
"2016","산업통상자원부","일반회계",,"수입대체경비수입","잡수입","기타잡수입","622000","622000"
"2016","산업통상자원부","일반회계",,"재산수입","관유물대여료","건물대여료","3565000","3565000"
"2016","산업통상자원부","일반회계",,"재산수입","관유물대여료","토지대여료","10023000","10023000"
"2016","산업통상자원부","일반회계",,"재산수입","기타이자수입및재산수입","기타재산수입","35005000","35005000"
"2016","산업통상자원부","일반회계",,"재화및용역판매수입","잡수입","기타잡수입","45000","45000"
"2016","산업통상자원부","지역발전특별회계","경제발전계정","경상이전수입","기타경상이전수입","기타경상이전수입","43337000","43337000"
"2016","산업통상자원부","지역발전특별회계","경제발전계정","재산수입","기타이자수입및재산수입","기타재산수입","10590000","10590000"
"2016","식품의약품안전처","일반회계",,"경상이전수입","기타경상이전수입","기타경상이전수입","919000","919000"
"2016","식품의약품안전처","일반회계",,"경상이전수입","벌금,몰수금및과태료","과징금","849000","849000"
"2016","식품의약품안전처","일반회계",,"경상이전수입","벌금,몰수금및과태료","과태료","365000","365000"
"2016","식품의약품안전처","일반회계",,"경상이전수입","변상금및위약금","위약금","208000","208000"
"2016","식품의약품안전처","일반회계",,"관유물매각대","고정자산매각대","기타고정자산매각대","44000","44000"
"2016","식품의약품안전처","일반회계",,"수입대체경비수입","면허료및수수료","면허료및수수료","8549000","8549000"
"2016","식품의약품안전처","일반회계",,"수입대체경비수입","잡수입","기타잡수입","1161000","1161000"
"2016","식품의약품안전처","일반회계",,"재산수입","관유물대여료","기타관유물대여료","78000","78000"
"2016","식품의약품안전처","일반회계",,"재산수입","기타이자수입및재산수입","기타재산수입","105000","105000"
"2016","식품의약품안전처","일반회계",,"재화및용역판매수입","면허료및수수료","면허료및수수료","2639000","2639000"
"2016","식품의약품안전처","일반회계",,"재화및용역판매수입","잡수입","기타잡수입","3000","3000"
"2016","여성가족부","일반회계",,"경상이전수입","기타경상이전수입","기타경상이전수입","7964000","7964000"
"2016","여성가족부","일반회계",,"재산수입","관유물대여료","건물대여료","58000","58000"
"2016","여성가족부","일반회계",,"재산수입","기타이자수입및재산수입","기타재산수입","63000","63000"
"2016","외교부","일반회계",,"경상이전수입","기타경상이전수입","기타경상이전수입","7203000","7203000"
"2016","외교부","일반회계",,"수입대체경비수입","면허료및수수료","면허료및수수료","232569000","232569000"
"2016","외교부","일반회계",,"재산수입","기타이자수입및재산수입","기타재산수입","600000","600000"
"2016","외교부","일반회계",,"재화및용역판매수입","잡수입","기타잡수입","1000000","1000000"
"2016","원자력안전위원회","일반회계",,"경상이전수입","기타경상이전수입","기타경상이전수입","818000","818000"
"2016","인사혁신처","일반회계",,"경상이전수입","기타경상이전수입","기타경상이전수입","336000","336000"
"2016","인사혁신처","일반회계",,"수입대체경비수입","잡수입","기타잡수입","4457000","4457000"
"2016","인사혁신처","일반회계",,"재산수입","관유물대여료","건물대여료","7000","7000"
"2016","인사혁신처","일반회계",,"재화및용역판매수입","면허료및수수료","면허료및수수료","1653000","1653000"
"2016","조달청","조달특별회계","손익계정","경상이전수입","변상금및위약금","위약금","2000000","2000000"
"2016","조달청","조달특별회계","손익계정","기업특별회계영업수입","조달사업수입","내자구매사업수입","140000000","140000000"
"2016","조달청","조달특별회계","손익계정","기업특별회계영업수입","조달사업수입","비축물자사업수입","6000000","6000000"
"2016","조달청","조달특별회계","손익계정","기업특별회계영업수입","조달사업수입","시설계약사업수입","37182000","37182000"
"2016","조달청","조달특별회계","손익계정","기업특별회계영업수입","조달사업수입","외자구매사업수입","5000000","5000000"
"2016","조달청","조달특별회계","손익계정","수입대체경비수입","잡수입","기타잡수입","580000","580000"
"2016","조달청","조달특별회계","손익계정","재산수입","관유물대여료","건물대여료","1398000","1398000"
"2016","조달청","조달특별회계","손익계정","재산수입","관유물대여료","기타관유물대여료","26000","26000"
"2016","조달청","조달특별회계","손익계정","재산수입","관유물대여료","토지대여료","939000","939000"
"2016","조달청","조달특별회계","손익계정","재화및용역판매수입","잡수입","기타영업외잡수익","17100119","17100119"
"2016","조달청","조달특별회계","손익계정","전년도이월금","전년도이월금","전년도이월금","10395000","10395000"
"2016","조달청","조달특별회계","자본계정","관유물매각대","고정자산매각대","건물매각대","235000","235000"
"2016","조달청","조달특별회계","자본계정","관유물매각대","토지및무형자산매각대","토지매각대","12235000","12235000"
"2016","조달청","조달특별회계","자본계정","전년도이월금","전년도이월금","전년도이월금","16859000","16859000"
"2016","중소기업청","일반회계",,"경상이전수입","기타경상이전수입","기타경상이전수입","45553000","45553000"
"2016","중소기업청","일반회계",,"관유물매각대","고정자산매각대","기타고정자산매각대","10000","10000"
"2016","중소기업청","일반회계",,"재산수입","관유물대여료","건물대여료","100000","100000"
"2016","중소기업청","일반회계",,"재산수입","기타이자수입및재산수입","기타재산수입","7647000","7647000"
"2016","중소기업청","일반회계",,"재화및용역판매수입","잡수입","기타잡수입","50000","50000"
"2016","중소기업청","지역발전특별회계","경제발전계정","경상이전수입","기타경상이전수입","기타경상이전수입","5826000","5826000"
"2016","중소기업청","지역발전특별회계","경제발전계정","재산수입","기타이자수입및재산수입","기타재산수입","901000","901000"
"2016","중소기업청","지역발전특별회계","생활기반계정","경상이전수입","기타경상이전수입","기타경상이전수입","6554000","6554000"
"2016","중앙선거관리위원회","일반회계",,"경상이전수입","기타경상이전수입","기타경상이전수입","10015000","10015000"
"2016","중앙선거관리위원회","일반회계",,"경상이전수입","벌금,몰수금및과태료","과태료","400000","400000"
"2016","중앙선거관리위원회","일반회계",,"재산수입","관유물대여료","건물대여료","31000","31000"
"2016","중앙선거관리위원회","일반회계",,"재산수입","관유물대여료","기타관유물대여료","10000","10000"
"2016","중앙선거관리위원회","일반회계",,"재산수입","관유물대여료","토지대여료","6000","6000"
"2016","중앙선거관리위원회","일반회계",,"재산수입","기타이자수입및재산수입","기타재산수입","20000","20000"
"2016","중앙선거관리위원회","일반회계",,"재화및용역판매수입","잡수입","기타잡수입","30000","30000"
"2016","통계청","일반회계",,"경상이전수입","기타경상이전수입","기타경상이전수입","57000","57000"
"2016","통계청","일반회계",,"경상이전수입","벌금,몰수금및과태료","과태료","3000","3000"
"2016","통계청","일반회계",,"경상이전수입","변상금및위약금","위약금","36000","36000"
"2016","통계청","일반회계",,"관유물매각대","고정자산매각대","기타고정자산매각대","47000","47000"
"2016","통계청","일반회계",,"수입대체경비수입","잡수입","기타잡수입","1734000","1934000"
"2016","통계청","일반회계",,"재산수입","관유물대여료","건물대여료","16000","16000"
"2016","통계청","일반회계",,"재산수입","관유물대여료","토지대여료","60000","60000"
"2016","통계청","일반회계",,"재산수입","기타이자수입및재산수입","기타재산수입","2000","2000"
"2016","통계청","일반회계",,"재화및용역판매수입","잡수입","기타잡수입","1257000","1257000"
"2016","통일부","일반회계",,"경상이전수입","기타경상이전수입","기타경상이전수입","1161000","1161000"
"2016","통일부","일반회계",,"경상이전수입","벌금,몰수금및과태료","과태료","9000","9000"
"2016","통일부","일반회계",,"경상이전수입","변상금및위약금","위약금","3000","3000"
"2016","통일부","일반회계",,"재산수입","관유물대여료","건물대여료","388000","388000"
"2016","통일부","일반회계",,"재산수입","기타이자수입및재산수입","기타재산수입","30000","30000"
"2016","통일부","일반회계",,"재화및용역판매수입","입장료수입","입장료수입","1020000","1020000"
"2016","통일부","일반회계",,"재화및용역판매수입","잡수입","기타잡수입","1000","1000"
"2016","특허청","특허청","손익계정","경상이전수입","기타경상이전수입","기타경상이전수입","519000","519000"
"2016","특허청","특허청","손익계정","경상이전수입","변상금및위약금","위약금","165000","165000"
"2016","특허청","특허청","손익계정","관유물매각대","고정자산매각대","기타고정자산매각대","38000","38000"
"2016","특허청","특허청","손익계정","기업특별회계영업수입","책임운영기관사업수입","책임운영기관사업수입","458719597","458719597"
"2016","특허청","특허청","손익계정","수입대체경비수입","관유물대여료","건물대여료","30000","30000"
"2016","특허청","특허청","손익계정","수입대체경비수입","잡수입","기타잡수입","221000","221000"
"2016","특허청","특허청","손익계정","재산수입","관유물대여료","건물대여료","45000","45000"
"2016","특허청","특허청","손익계정","재산수입","관유물대여료","기타관유물대여료","3000","3000"
"2016","특허청","특허청","손익계정","재산수입","기타이자수입및재산수입","기타재산수입","1341000","1341000"
"2016","특허청","특허청","손익계정","재화및용역판매수입","잡수입","기타잡수입","4000","4000"
"2016","특허청","특허청","손익계정","전년도이월금","전년도이월금","전년도이월금","25800000","25800000"
"2016","특허청","특허청","자본계정","정부내부수입및기타","예탁원금회수","기금예탁원금회수","30000000","30000000"
"2016","특허청","특허청","자본계정","정부내부수입및기타","예탁이자수입","기금예탁이자수입","10473000","8376000"
"2016","해양수산부","교통시설특별회계","항만계정","경상이전수입","가산금","가산금","200000","200000"
"2016","해양수산부","교통시설특별회계","항만계정","경상이전수입","기타경상이전수입","기타경상이전수입","39980000","39980000"
"2016","해양수산부","교통시설특별회계","항만계정","경상이전수입","벌금,몰수금및과태료","과태료","165000","165000"
"2016","해양수산부","교통시설특별회계","항만계정","경상이전수입","벌금,몰수금및과태료","벌금및과료","200000","200000"
"2016","해양수산부","교통시설특별회계","항만계정","경상이전수입","변상금및위약금","변상금","529000","529000"
"2016","해양수산부","교통시설특별회계","항만계정","경상이전수입","변상금및위약금","위약금","1659000","1659000"
"2016","해양수산부","교통시설특별회계","항만계정","관유물매각대","고정자산매각대","기타고정자산매각대","428000","428000"
"2016","해양수산부","교통시설특별회계","항만계정","관유물매각대","토지및무형자산매각대","토지매각대","1089000","1089000"
"2016","해양수산부","교통시설특별회계","항만계정","재산수입","관유물대여료","건물대여료","451000","451000"
"2016","해양수산부","교통시설특별회계","항만계정","재산수입","관유물대여료","기타관유물대여료","50000","50000"
"2016","해양수산부","교통시설특별회계","항만계정","재산수입","관유물대여료","토지대여료","300000","300000"
"2016","해양수산부","교통시설특별회계","항만계정","재산수입","기타이자수입및재산수입","기타재산수입","2758000","2758000"
"2016","해양수산부","교통시설특별회계","항만계정","재산수입","정부출자수입","정부출자수입","1028000","1028000"
"2016","해양수산부","교통시설특별회계","항만계정","재화및용역판매수입","면허료및수수료","면허료및수수료","10422000","10422000"
"2016","해양수산부","교통시설특별회계","항만계정","재화및용역판매수입","잡수입","기타잡수입","4314000","4314000"
"2016","해양수산부","교통시설특별회계","항만계정","재화및용역판매수입","항공항만및용수수입","항공항만수입","125600000","125600000"
"2016","해양수산부","교통시설특별회계","항만계정","전년도이월금","전년도이월금","전년도이월금","50634000","50634000"
"2016","해양수산부","농어촌구조개선특별회계","구조개선사업계정","재산수입","기타이자수입및재산수입","기타재산수입","3244000","3244000"
"2016","해양수산부","대산지방해양수산청","손익계정","경상이전수입","가산금","가산금","5000","5000"
"2016","해양수산부","대산지방해양수산청","손익계정","경상이전수입","기타경상이전수입","기타경상이전수입","5000","5000"
"2016","해양수산부","대산지방해양수산청","손익계정","경상이전수입","벌금,몰수금및과태료","벌금및과료","7000","7000"
"2016","해양수산부","대산지방해양수산청","손익계정","경상이전수입","변상금및위약금","변상금","457000","457000"
"2016","해양수산부","대산지방해양수산청","손익계정","기업특별회계영업수입","책임운영기관사업수입","책임운영기관사업수입","20349869","20349869"
"2016","해양수산부","대산지방해양수산청","손익계정","재산수입","관유물대여료","토지대여료","55000","55000"
"2016","해양수산부","대산지방해양수산청","손익계정","재화및용역판매수입","면허료및수수료","면허료및수수료","84000","84000"
"2016","해양수산부","대산지방해양수산청","손익계정","재화및용역판매수입","잡수입","기타잡수입","16000","16000"
"2016","해양수산부","대산지방해양수산청","손익계정","전년도이월금","전년도이월금","전년도이월금","5000000","5000000"
"2016","해양수산부","대산지방해양수산청","자본계정","전년도이월금","전년도이월금","전년도이월금","5000000","5000000"
"2016","해양수산부","대산지방해양수산청","자본계정","정부내부수입및기타","예탁이자수입","기금예탁이자수입","203000","162000"
"2016","해양수산부","일반회계",,"경상이전수입","가산금","가산금","57000","57000"
"2016","해양수산부","일반회계",,"경상이전수입","기타경상이전수입","기타경상이전수입","35483000","35483000"
"2016","해양수산부","일반회계",,"경상이전수입","벌금,몰수금및과태료","벌금및과료","21000","21000"
"2016","해양수산부","일반회계",,"경상이전수입","변상금및위약금","변상금","881000","881000"
"2016","해양수산부","일반회계",,"경상이전수입","변상금및위약금","위약금","784000","784000"
"2016","해양수산부","일반회계",,"관유물매각대","고정자산매각대","기타고정자산매각대","692000","692000"
"2016","해양수산부","일반회계",,"관유물매각대","토지및무형자산매각대","토지매각대","15000","15000"
"2016","해양수산부","일반회계",,"수입대체경비수입","잡수입","기타잡수입","290000","290000"
"2016","해양수산부","일반회계",,"재산수입","관유물대여료","건물대여료","133000","133000"
"2016","해양수산부","일반회계",,"재산수입","관유물대여료","기타관유물대여료","118000","118000"
"2016","해양수산부","일반회계",,"재산수입","관유물대여료","토지대여료","3770000","3770000"
"2016","해양수산부","일반회계",,"재산수입","기타이자수입및재산수입","기타재산수입","10325000","10325000"
"2016","해양수산부","일반회계",,"재화및용역판매수입","면허료및수수료","면허료및수수료","2739000","2739000"
"2016","해양수산부","일반회계",,"재화및용역판매수입","실습수입","실습수입","43000","43000"
"2016","해양수산부","일반회계",,"재화및용역판매수입","잡수입","기타잡수입","1042000","1042000"
"2016","행정자치부","일반회계",,"경상이전수입","기타경상이전수입","기타경상이전수입","28378000","28378000"
"2016","행정자치부","일반회계",,"경상이전수입","벌금,몰수금및과태료","과태료","269000","269000"
"2016","행정자치부","일반회계",,"경상이전수입","변상금및위약금","위약금","436000","436000"
"2016","행정자치부","일반회계",,"수입대체경비수입","잡수입","기타잡수입","5319000","5319000"
"2016","행정자치부","일반회계",,"재산수입","관유물대여료","건물대여료","2368000","2368000"
"2016","행정자치부","일반회계",,"재산수입","관유물대여료","토지대여료","175000","175000"
"2016","행정자치부","일반회계",,"재산수입","기타이자수입및재산수입","기타재산수입","1342000","1342000"
"2016","행정자치부","일반회계",,"재화및용역판매수입","면허료및수수료","면허료및수수료","108000","108000"
"2016","행정자치부","일반회계",,"재화및용역판매수입","잡수입","기타잡수입","2457000","2457000"
"2016","행정자치부","혁신도시건설특별회계",,"관유물매각대","고정자산매각대","건물매각대","1738000","1738000"
"2016","행정자치부","혁신도시건설특별회계",,"관유물매각대","토지및무형자산매각대","입목죽매각대","46000","46000"
"2016","행정자치부","혁신도시건설특별회계",,"관유물매각대","토지및무형자산매각대","토지매각대","2774000","2774000"
"2016","행정중심복합도시건설청","행정중심복합도시건설특별회계",,"경상이전수입","기타경상이전수입","기타경상이전수입","926626","926626"
"2016","행정중심복합도시건설청","행정중심복합도시건설특별회계",,"관유물매각대","고정자산매각대","건물매각대","290000","290000"
"2016","행정중심복합도시건설청","행정중심복합도시건설특별회계",,"재산수입","관유물대여료","기타관유물대여료","152000","152000"
"2016","행정중심복합도시건설청","행정중심복합도시건설특별회계",,"재산수입","기타이자수입및재산수입","기타재산수입","350000","350000"
"2016","헌법재판소","일반회계",,"경상이전수입","기타경상이전수입","기타경상이전수입","440000","440000"
"2016","헌법재판소","일반회계",,"재화및용역판매수입","잡수입","기타잡수입","42000","42000"
"2016","환경부","농어촌구조개선특별회계","농어촌특별세사업계정","경상이전수입","기타경상이전수입","기타경상이전수입","500000","500000"
"2016","환경부","에너지및자원사업특별회계","투자계정","경상이전수입","기타경상이전수입","기타경상이전수입","1806000","1806000"
"2016","환경부","일반회계",,"재산수입","관유물대여료","토지대여료","225000","225000"
"2016","환경부","환경개선특별회계",,"경상이전수입","가산금","가산금","959000","959000"
"2016","환경부","환경개선특별회계",,"경상이전수입","기타경상이전수입","기타경상이전수입","131899808","131899808"
"2016","환경부","환경개선특별회계",,"경상이전수입","기타경상이전수입","법정부담금","803748000","803748000"
"2016","환경부","환경개선특별회계",,"경상이전수입","벌금,몰수금및과태료","과징금","5585000","5585000"
"2016","환경부","환경개선특별회계",,"경상이전수입","벌금,몰수금및과태료","과태료","1828000","1828000"
"2016","환경부","환경개선특별회계",,"경상이전수입","벌금,몰수금및과태료","벌금및과료","8000","8000"
"2016","환경부","환경개선특별회계",,"경상이전수입","변상금및위약금","변상금","30000","30000"
"2016","환경부","환경개선특별회계",,"경상이전수입","변상금및위약금","위약금","702000","702000"
"2016","환경부","환경개선특별회계",,"관유물매각대","고정자산매각대","건물매각대","54000","54000"
"2016","환경부","환경개선특별회계",,"관유물매각대","고정자산매각대","기계기구매각대","28000","28000"
"2016","환경부","환경개선특별회계",,"관유물매각대","고정자산매각대","기타고정자산매각대","104000","104000"
"2016","환경부","환경개선특별회계",,"수입대체경비수입","잡수입","기타잡수입","556000","556000"
"2016","환경부","환경개선특별회계",,"융자및전대차관원금회수","융자원금회수","기타민간융자원금회수","134200000","134200000"
"2016","환경부","환경개선특별회계",,"융자및전대차관원금회수","융자원금회수","지방자치단체융자원금회수","115200000","115200000"
"2016","환경부","환경개선특별회계",,"재산수입","관유물대여료","건물대여료","69000","69000"
"2016","환경부","환경개선특별회계",,"재산수입","기타이자수입및재산수입","기타민간이자수입","8200000","8200000"
"2016","환경부","환경개선특별회계",,"재산수입","기타이자수입및재산수입","기타재산수입","5214000","5214000"
"2016","환경부","환경개선특별회계",,"재산수입","기타이자수입및재산수입","지방자치단체이자수입","4315000","4315000"
"2016","환경부","환경개선특별회계",,"재화및용역판매수입","면허료및수수료","면허료및수수료","535000","535000"
"2016","환경부","환경개선특별회계",,"재화및용역판매수입","잡수입","기타잡수입","3400000","3400000"

